{
  "Murder": [
    {
      "fir_number": "MUR001/2022",
      "year": 2023,
      "accused_name": "Vinay Sheikh",
      "victim_name": "Mohit Kumar",
      "location": "Delhi, Rohini",
      "court_type": "Cyber Crime Court"
    },
    {
      "fir_number": "MUR002/2022",
      "year": 2022,
      "accused_name": "Ajay Kumar",
      "victim_name": "Amit Sinha",
      "location": "Jhansi, Bundelkhand",
      "court_type": "Economic Offenses Court"
    },
    {
      "fir_number": "MUR003/2022",
      "year": 2023,
      "accused_name": "Amit Iyer",
      "victim_name": "Imran Kumar",
      "location": "Pune, Shivaji Nagar",
      "court_type": "Anti-Corruption Court"
    },
    {
      "fir_number": "MUR004/2023",
      "year": 2021,
      "accused_name": "Sohan Malhotra",
      "victim_name": "Meena Agarwal",
      "location": "Ranchi, Harmu",
      "court_type": "Juvenile Court"
    },
    {
      "fir_number": "MUR005/2023",
      "year": 2021,
      "accused_name": "Mohit Sinha",
      "victim_name": "Ravi Iyer",
      "location": "Noida, Sector 62",
      "court_type": "Juvenile Court"
    },
    {
      "fir_number": "MUR006/2023",
      "year": 2024,
      "accused_name": "Ajay Sinha",
      "victim_name": "Ravi Tiwari",
      "location": "Chandigarh, Sector 22",
      "court_type": "Juvenile Court"
    },
    {
      "fir_number": "MUR007/2021",
      "year": 2024,
      "accused_name": "Ankit Rawat",
      "victim_name": "Ajay Sharma",
      "location": "Jhansi, Bundelkhand",
      "court_type": "Juvenile Court"
    },
    {
      "fir_number": "MUR008/2023",
      "year": 2024,
      "accused_name": "Sunita Malhotra",
      "victim_name": "Ajay Verma",
      "location": "Chandigarh, Sector 22",
      "court_type": "Anti-Corruption Court"
    },
    {
      "fir_number": "MUR009/2021",
      "year": 2024,
      "accused_name": "Ravi Sinha",
      "victim_name": "Karan Malhotra",
      "location": "Pune, Shivaji Nagar",
      "court_type": "Family Court"
    },
    {
      "fir_number": "MUR010/2021",
      "year": 2023,
      "accused_name": "Deepak Singh",
      "victim_name": "Vinay Rawat",
      "location": "Mumbai, Andheri",
      "court_type": "Family Court"
    },
    {
      "fir_number": "MUR011/2024",
      "year": 2022,
      "accused_name": "Mohit Sheikh",
      "victim_name": "Priya Agarwal",
      "location": "Bhopal, TT Nagar",
      "court_type": "District Court"
    },
    {
      "fir_number": "MUR012/2021",
      "year": 2021,
      "accused_name": "Arjun Rana",
      "victim_name": "Ajay Malhotra",
      "location": "Ahmedabad, Maninagar",
      "court_type": "Fast Track Court"
    },
    {
      "fir_number": "MUR013/2021",
      "year": 2021,
      "accused_name": "Naresh Sharma",
      "victim_name": "Ravi Verma",
      "location": "Goa, Panaji",
      "court_type": "Cyber Crime Court"
    },
    {
      "fir_number": "MUR014/2023",
      "year": 2024,
      "accused_name": "Ajay Sheikh",
      "victim_name": "Vikas Singh",
      "location": "Goa, Panaji",
      "court_type": "Municipal Court"
    },
    {
      "fir_number": "MUR015/2021",
      "year": 2021,
      "accused_name": "Rahul Joshi",
      "victim_name": "Mohit Sharma",
      "location": "Pune, Shivaji Nagar",
      "court_type": "Juvenile Court"
    },
    {
      "fir_number": "MUR016/2022",
      "year": 2023,
      "accused_name": "Ajay Lal",
      "victim_name": "Naresh Agarwal",
      "location": "Jaipur, Mansarovar",
      "court_type": "Juvenile Court"
    },
    {
      "fir_number": "MUR017/2021",
      "year": 2023,
      "accused_name": "Ajay Verma",
      "victim_name": "Priya Bedi",
      "location": "Bangalore, HSR Layout",
      "court_type": "Fast Track Court"
    },
    {
      "fir_number": "MUR018/2022",
      "year": 2023,
      "accused_name": "Imran Singh",
      "victim_name": "Savita Yadav",
      "location": "Pune, Shivaji Nagar",
      "court_type": "Municipal Court"
    },
    {
      "fir_number": "MUR019/2021",
      "year": 2022,
      "accused_name": "Deepak Verma",
      "victim_name": "Vinay Lal",
      "location": "Jhansi, Bundelkhand",
      "court_type": "Family Court"
    },
    {
      "fir_number": "MUR020/2021",
      "year": 2021,
      "accused_name": "Rahul Lal",
      "victim_name": "Ankit Malhotra",
      "location": "Nagpur, Sitabuldi",
      "court_type": "Family Court"
    }
  ],
  "Theft": [
    {
      "fir_number": "THE001/2023",
      "year": 2022,
      "accused_name": "Amit Agarwal",
      "victim_name": "Ravi Verma",
      "location": "Bangalore, HSR Layout",
      "court_type": "Sessions Court"
    },
    {
      "fir_number": "THE002/2023",
      "year": 2024,
      "accused_name": "Amit Yadav",
      "victim_name": "Ajay Sen",
      "location": "Bhopal, TT Nagar",
      "court_type": "District Court"
    },
    {
      "fir_number": "THE003/2022",
      "year": 2023,
      "accused_name": "Vinay Dube",
      "victim_name": "Vinay Sinha",
      "location": "Delhi, Rohini",
      "court_type": "Sessions Court"
    },
    {
      "fir_number": "THE004/2021",
      "year": 2022,
      "accused_name": "Karan Agarwal",
      "victim_name": "Ankit Rana",
      "location": "Goa, Panaji",
      "court_type": "Municipal Court"
    },
    {
      "fir_number": "THE005/2024",
      "year": 2022,
      "accused_name": "Arjun Thakur",
      "victim_name": "Rahul Agarwal",
      "location": "Jaipur, Mansarovar",
      "court_type": "Fast Track Court"
    },
    {
      "fir_number": "THE006/2024",
      "year": 2022,
      "accused_name": "Vinay Dube",
      "victim_name": "Ajay Bedi",
      "location": "Hyderabad, Gachibowli",
      "court_type": "Municipal Court"
    },
    {
      "fir_number": "THE007/2023",
      "year": 2022,
      "accused_name": "Sunita Iyer",
      "victim_name": "Priya Sheikh",
      "location": "Jhansi, Bundelkhand",
      "court_type": "Cyber Crime Court"
    },
    {
      "fir_number": "THE008/2023",
      "year": 2024,
      "accused_name": "Vikas Sinha",
      "victim_name": "Meena Iyer",
      "location": "Mumbai, Andheri",
      "court_type": "District Court"
    },
    {
      "fir_number": "THE009/2021",
      "year": 2023,
      "accused_name": "Savita Malhotra",
      "victim_name": "Vinay Agarwal",
      "location": "Mumbai, Andheri",
      "court_type": "NDPS Court"
    },
    {
      "fir_number": "THE010/2024",
      "year": 2021,
      "accused_name": "Ravi Iyer",
      "victim_name": "Vinay Rana",
      "location": "Chandigarh, Sector 22",
      "court_type": "Environment Court"
    },
    {
      "fir_number": "THE011/2022",
      "year": 2022,
      "accused_name": "Karan Lal",
      "victim_name": "Ravi Yadav",
      "location": "Ranchi, Harmu",
      "court_type": "NDPS Court"
    },
    {
      "fir_number": "THE012/2024",
      "year": 2024,
      "accused_name": "Naresh Sen",
      "victim_name": "Sohan Kumar",
      "location": "Pune, Shivaji Nagar",
      "court_type": "Cyber Crime Court"
    },
    {
      "fir_number": "THE013/2021",
      "year": 2023,
      "accused_name": "Sunita Sheikh",
      "victim_name": "Rashmi Iyer",
      "location": "Mumbai, Andheri",
      "court_type": "Fast Track Court"
    },
    {
      "fir_number": "THE014/2022",
      "year": 2021,
      "accused_name": "Savita Mehta",
      "victim_name": "Meena Singh",
      "location": "Nagpur, Sitabuldi",
      "court_type": "District Court"
    },
    {
      "fir_number": "THE015/2023",
      "year": 2021,
      "accused_name": "Amit Thakur",
      "victim_name": "Naresh Thakur",
      "location": "Pune, Shivaji Nagar",
      "court_type": "Family Court"
    },
    {
      "fir_number": "THE016/2021",
      "year": 2021,
      "accused_name": "Vikas Tiwari",
      "victim_name": "Ajay Dube",
      "location": "Jhansi, Bundelkhand",
      "court_type": "District Court"
    },
    {
      "fir_number": "THE017/2021",
      "year": 2024,
      "accused_name": "Vinay Dube",
      "victim_name": "Sohan Lal",
      "location": "Chennai, Velachery",
      "court_type": "Juvenile Court"
    },
    {
      "fir_number": "THE018/2021",
      "year": 2024,
      "accused_name": "Savita Verma",
      "victim_name": "Imran Tiwari",
      "location": "Delhi, Rohini",
      "court_type": "Juvenile Court"
    },
    {
      "fir_number": "THE019/2022",
      "year": 2024,
      "accused_name": "Rahul Joshi",
      "victim_name": "Rahul Lal",
      "location": "Chandigarh, Sector 22",
      "court_type": "Economic Offenses Court"
    },
    {
      "fir_number": "THE020/2022",
      "year": 2023,
      "accused_name": "Sohan Dube",
      "victim_name": "Rashmi Yadav",
      "location": "Coimbatore, RS Puram",
      "court_type": "District Court"
    }
  ],
  "Robbery": [
    {
      "fir_number": "ROB001/2022",
      "year": 2024,
      "accused_name": "Rahul Bedi",
      "victim_name": "Imran Sinha",
      "location": "Mumbai, Andheri",
      "court_type": "NDPS Court"
    },
    {
      "fir_number": "ROB002/2022",
      "year": 2021,
      "accused_name": "Kunal Thakur",
      "victim_name": "Ajay Sharma",
      "location": "Jhansi, Bundelkhand",
      "court_type": "Cyber Crime Court"
    },
    {
      "fir_number": "ROB003/2023",
      "year": 2021,
      "accused_name": "Karan Sen",
      "victim_name": "Karan Joshi",
      "location": "Kolkata, Salt Lake",
      "court_type": "Municipal Court"
    },
    {
      "fir_number": "ROB004/2023",
      "year": 2021,
      "accused_name": "Ajay Rawat",
      "victim_name": "Rashmi Iyer",
      "location": "Delhi, Rohini",
      "court_type": "Family Court"
    },
    {
      "fir_number": "ROB005/2023",
      "year": 2024,
      "accused_name": "Vinay Rana",
      "victim_name": "Ajay Sen",
      "location": "Jaipur, Mansarovar",
      "court_type": "Economic Offenses Court"
    },
    {
      "fir_number": "ROB006/2024",
      "year": 2024,
      "accused_name": "Karan Sen",
      "victim_name": "Savita Sinha",
      "location": "Pune, Shivaji Nagar",
      "court_type": "Municipal Court"
    },
    {
      "fir_number": "ROB007/2023",
      "year": 2024,
      "accused_name": "Arjun Dube",
      "victim_name": "Meena Singh",
      "location": "Jhansi, Bundelkhand",
      "court_type": "NDPS Court"
    },
    {
      "fir_number": "ROB008/2024",
      "year": 2021,
      "accused_name": "Ankit Rana",
      "victim_name": "Ravi Thakur",
      "location": "Goa, Panaji",
      "court_type": "NDPS Court"
    },
    {
      "fir_number": "ROB009/2021",
      "year": 2023,
      "accused_name": "Deepak Sen",
      "victim_name": "Meena Rana",
      "location": "Pune, Shivaji Nagar",
      "court_type": "Anti-Corruption Court"
    },
    {
      "fir_number": "ROB010/2023",
      "year": 2022,
      "accused_name": "Ankit Dube",
      "victim_name": "Rahul Iyer",
      "location": "Bangalore, HSR Layout",
      "court_type": "Cyber Crime Court"
    },
    {
      "fir_number": "ROB011/2022",
      "year": 2024,
      "accused_name": "Kunal Singh",
      "victim_name": "Karan Tiwari",
      "location": "Delhi, Rohini",
      "court_type": "Cyber Crime Court"
    },
    {
      "fir_number": "ROB012/2023",
      "year": 2023,
      "accused_name": "Ankit Singh",
      "victim_name": "Imran Sharma",
      "location": "Chandigarh, Sector 22",
      "court_type": "Juvenile Court"
    },
    {
      "fir_number": "ROB013/2022",
      "year": 2024,
      "accused_name": "Ajay Sen",
      "victim_name": "Sohan Iyer",
      "location": "Kolkata, Salt Lake",
      "court_type": "Fast Track Court"
    },
    {
      "fir_number": "ROB014/2021",
      "year": 2024,
      "accused_name": "Arjun Tiwari",
      "victim_name": "Meena Singh",
      "location": "Delhi, Rohini",
      "court_type": "Juvenile Court"
    },
    {
      "fir_number": "ROB015/2022",
      "year": 2021,
      "accused_name": "Vinay Rawat",
      "victim_name": "Ravi Verma",
      "location": "Kolkata, Salt Lake",
      "court_type": "Magistrate Court"
    },
    {
      "fir_number": "ROB016/2022",
      "year": 2021,
      "accused_name": "Kunal Agarwal",
      "victim_name": "Ajay Rana",
      "location": "Patna, Kankarbagh",
      "court_type": "Cyber Crime Court"
    },
    {
      "fir_number": "ROB017/2022",
      "year": 2023,
      "accused_name": "Sunita Bedi",
      "victim_name": "Vinay Rawat",
      "location": "Jhansi, Bundelkhand",
      "court_type": "Family Court"
    },
    {
      "fir_number": "ROB018/2021",
      "year": 2021,
      "accused_name": "Amit Yadav",
      "victim_name": "Mohit Mehta",
      "location": "Nagpur, Sitabuldi",
      "court_type": "Cyber Crime Court"
    },
    {
      "fir_number": "ROB019/2023",
      "year": 2022,
      "accused_name": "Kunal Verma",
      "victim_name": "Rahul Joshi",
      "location": "Delhi, Rohini",
      "court_type": "Environment Court"
    },
    {
      "fir_number": "ROB020/2022",
      "year": 2024,
      "accused_name": "Rahul Thakur",
      "victim_name": "Vikas Agarwal",
      "location": "Jhansi, Bundelkhand",
      "court_type": "NDPS Court"
    }
  ],
  "Assault": [
    {
      "fir_number": "ASS001/2024",
      "year": 2021,
      "accused_name": "Karan Agarwal",
      "victim_name": "Deepak Verma",
      "location": "Patna, Kankarbagh",
      "court_type": "Cyber Crime Court"
    },
    {
      "fir_number": "ASS002/2022",
      "year": 2022,
      "accused_name": "Ravi Sheikh",
      "victim_name": "Sunita Iyer",
      "location": "Mumbai, Andheri",
      "court_type": "Municipal Court"
    },
    {
      "fir_number": "ASS003/2023",
      "year": 2023,
      "accused_name": "Kunal Agarwal",
      "victim_name": "Kunal Dube",
      "location": "Ahmedabad, Maninagar",
      "court_type": "Juvenile Court"
    },
    {
      "fir_number": "ASS004/2021",
      "year": 2023,
      "accused_name": "Vikas Sen",
      "victim_name": "Ankit Tiwari",
      "location": "Jhansi, Bundelkhand",
      "court_type": "NDPS Court"
    },
    {
      "fir_number": "ASS005/2023",
      "year": 2022,
      "accused_name": "Sunita Dube",
      "victim_name": "Priya Verma",
      "location": "Chennai, Velachery",
      "court_type": "Family Court"
    },
    {
      "fir_number": "ASS006/2021",
      "year": 2024,
      "accused_name": "Savita Joshi",
      "victim_name": "Savita Bedi",
      "location": "Pune, Shivaji Nagar",
      "court_type": "Family Court"
    },
    {
      "fir_number": "ASS007/2022",
      "year": 2022,
      "accused_name": "Priya Bedi",
      "victim_name": "Savita Lal",
      "location": "Jaipur, Mansarovar",
      "court_type": "Sessions Court"
    },
    {
      "fir_number": "ASS008/2023",
      "year": 2021,
      "accused_name": "Meena Thakur",
      "victim_name": "Vikas Verma",
      "location": "Goa, Panaji",
      "court_type": "District Court"
    },
    {
      "fir_number": "ASS009/2021",
      "year": 2024,
      "accused_name": "Mohit Agarwal",
      "victim_name": "Karan Agarwal",
      "location": "Chennai, Velachery",
      "court_type": "Family Court"
    },
    {
      "fir_number": "ASS010/2024",
      "year": 2021,
      "accused_name": "Priya Iyer",
      "victim_name": "Meena Kumar",
      "location": "Coimbatore, RS Puram",
      "court_type": "Environment Court"
    },
    {
      "fir_number": "ASS011/2021",
      "year": 2021,
      "accused_name": "Savita Thakur",
      "victim_name": "Deepak Yadav",
      "location": "Ahmedabad, Maninagar",
      "court_type": "Municipal Court"
    },
    {
      "fir_number": "ASS012/2023",
      "year": 2023,
      "accused_name": "Rashmi Sen",
      "victim_name": "Rashmi Lal",
      "location": "Patna, Kankarbagh",
      "court_type": "Economic Offenses Court"
    },
    {
      "fir_number": "ASS013/2023",
      "year": 2024,
      "accused_name": "Sunita Sheikh",
      "victim_name": "Deepak Tiwari",
      "location": "Hyderabad, Gachibowli",
      "court_type": "Environment Court"
    },
    {
      "fir_number": "ASS014/2024",
      "year": 2023,
      "accused_name": "Kunal Rawat",
      "victim_name": "Mohit Mehta",
      "location": "Ahmedabad, Maninagar",
      "court_type": "Family Court"
    },
    {
      "fir_number": "ASS015/2023",
      "year": 2022,
      "accused_name": "Amit Agarwal",
      "victim_name": "Sohan Rawat",
      "location": "Jaipur, Mansarovar",
      "court_type": "Magistrate Court"
    },
    {
      "fir_number": "ASS016/2021",
      "year": 2023,
      "accused_name": "Vikas Singh",
      "victim_name": "Amit Thakur",
      "location": "Patna, Kankarbagh",
      "court_type": "Fast Track Court"
    },
    {
      "fir_number": "ASS017/2024",
      "year": 2023,
      "accused_name": "Sohan Agarwal",
      "victim_name": "Arjun Verma",
      "location": "Coimbatore, RS Puram",
      "court_type": "Family Court"
    },
    {
      "fir_number": "ASS018/2022",
      "year": 2024,
      "accused_name": "Naresh Singh",
      "victim_name": "Ankit Kumar",
      "location": "Jhansi, Bundelkhand",
      "court_type": "Sessions Court"
    },
    {
      "fir_number": "ASS019/2021",
      "year": 2022,
      "accused_name": "Vinay Thakur",
      "victim_name": "Ravi Yadav",
      "location": "Patna, Kankarbagh",
      "court_type": "Environment Court"
    },
    {
      "fir_number": "ASS020/2024",
      "year": 2022,
      "accused_name": "Rahul Singh",
      "victim_name": "Vinay Agarwal",
      "location": "Bhopal, TT Nagar",
      "court_type": "Anti-Corruption Court"
    }
  ],
  "Rape": [
    {
      "fir_number": "RAP001/2023",
      "year": 2024,
      "accused_name": "Kunal Sen",
      "victim_name": "Naresh Thakur",
      "location": "Delhi, Rohini",
      "court_type": "Municipal Court"
    },
    {
      "fir_number": "RAP002/2024",
      "year": 2023,
      "accused_name": "Mohit Sen",
      "victim_name": "Ravi Tiwari",
      "location": "Kolkata, Salt Lake",
      "court_type": "Magistrate Court"
    },
    {
      "fir_number": "RAP003/2022",
      "year": 2021,
      "accused_name": "Ankit Sheikh",
      "victim_name": "Savita Bedi",
      "location": "Bhopal, TT Nagar",
      "court_type": "Fast Track Court"
    },
    {
      "fir_number": "RAP004/2022",
      "year": 2021,
      "accused_name": "Rashmi Yadav",
      "victim_name": "Amit Mehta",
      "location": "Ahmedabad, Maninagar",
      "court_type": "NDPS Court"
    },
    {
      "fir_number": "RAP005/2023",
      "year": 2022,
      "accused_name": "Ajay Tiwari",
      "victim_name": "Imran Sinha",
      "location": "Ranchi, Harmu",
      "court_type": "Family Court"
    },
    {
      "fir_number": "RAP006/2024",
      "year": 2021,
      "accused_name": "Karan Verma",
      "victim_name": "Sohan Agarwal",
      "location": "Kolkata, Salt Lake",
      "court_type": "Family Court"
    },
    {
      "fir_number": "RAP007/2023",
      "year": 2024,
      "accused_name": "Ajay Sinha",
      "victim_name": "Deepak Agarwal",
      "location": "Nagpur, Sitabuldi",
      "court_type": "Family Court"
    },
    {
      "fir_number": "RAP008/2024",
      "year": 2022,
      "accused_name": "Rashmi Kumar",
      "victim_name": "Meena Bedi",
      "location": "Chandigarh, Sector 22",
      "court_type": "Magistrate Court"
    },
    {
      "fir_number": "RAP009/2022",
      "year": 2021,
      "accused_name": "Ravi Iyer",
      "victim_name": "Vikas Malhotra",
      "location": "Noida, Sector 62",
      "court_type": "Juvenile Court"
    },
    {
      "fir_number": "RAP010/2022",
      "year": 2022,
      "accused_name": "Meena Singh",
      "victim_name": "Ankit Rana",
      "location": "Bangalore, HSR Layout",
      "court_type": "District Court"
    },
    {
      "fir_number": "RAP011/2023",
      "year": 2023,
      "accused_name": "Vikas Rana",
      "victim_name": "Sohan Thakur",
      "location": "Goa, Panaji",
      "court_type": "Municipal Court"
    },
    {
      "fir_number": "RAP012/2024",
      "year": 2024,
      "accused_name": "Kunal Thakur",
      "victim_name": "Ajay Malhotra",
      "location": "Ahmedabad, Maninagar",
      "court_type": "Fast Track Court"
    },
    {
      "fir_number": "RAP013/2023",
      "year": 2023,
      "accused_name": "Amit Sharma",
      "victim_name": "Imran Joshi",
      "location": "Mumbai, Andheri",
      "court_type": "Environment Court"
    },
    {
      "fir_number": "RAP014/2021",
      "year": 2021,
      "accused_name": "Rahul Sheikh",
      "victim_name": "Kunal Mehta",
      "location": "Surat, Varachha",
      "court_type": "NDPS Court"
    },
    {
      "fir_number": "RAP015/2022",
      "year": 2023,
      "accused_name": "Ajay Sharma",
      "victim_name": "Arjun Lal",
      "location": "Kolkata, Salt Lake",
      "court_type": "Family Court"
    },
    {
      "fir_number": "RAP016/2023",
      "year": 2024,
      "accused_name": "Savita Verma",
      "victim_name": "Ankit Sheikh",
      "location": "Hyderabad, Gachibowli",
      "court_type": "Family Court"
    },
    {
      "fir_number": "RAP017/2022",
      "year": 2024,
      "accused_name": "Rashmi Dube",
      "victim_name": "Sohan Verma",
      "location": "Bangalore, HSR Layout",
      "court_type": "Sessions Court"
    },
    {
      "fir_number": "RAP018/2022",
      "year": 2024,
      "accused_name": "Priya Sinha",
      "victim_name": "Priya Sheikh",
      "location": "Patna, Kankarbagh",
      "court_type": "Juvenile Court"
    },
    {
      "fir_number": "RAP019/2024",
      "year": 2024,
      "accused_name": "Ravi Malhotra",
      "victim_name": "Karan Singh",
      "location": "Ahmedabad, Maninagar",
      "court_type": "NDPS Court"
    },
    {
      "fir_number": "RAP020/2022",
      "year": 2021,
      "accused_name": "Deepak Kumar",
      "victim_name": "Deepak Tiwari",
      "location": "Chandigarh, Sector 22",
      "court_type": "Family Court"
    }
  ],
  "Kidnapping": [
    {
      "fir_number": "KID001/2023",
      "year": 2021,
      "accused_name": "Arjun Thakur",
      "victim_name": "Ankit Yadav",
      "location": "Hyderabad, Gachibowli",
      "court_type": "District Court"
    },
    {
      "fir_number": "KID002/2023",
      "year": 2022,
      "accused_name": "Kunal Dube",
      "victim_name": "Arjun Iyer",
      "location": "Kolkata, Salt Lake",
      "court_type": "Fast Track Court"
    },
    {
      "fir_number": "KID003/2024",
      "year": 2022,
      "accused_name": "Kunal Sheikh",
      "victim_name": "Vikas Yadav",
      "location": "Bangalore, HSR Layout",
      "court_type": "Anti-Corruption Court"
    },
    {
      "fir_number": "KID004/2024",
      "year": 2024,
      "accused_name": "Ajay Sinha",
      "victim_name": "Meena Lal",
      "location": "Nagpur, Sitabuldi",
      "court_type": "Cyber Crime Court"
    },
    {
      "fir_number": "KID005/2022",
      "year": 2023,
      "accused_name": "Sohan Agarwal",
      "victim_name": "Savita Agarwal",
      "location": "Mumbai, Andheri",
      "court_type": "Sessions Court"
    },
    {
      "fir_number": "KID006/2024",
      "year": 2023,
      "accused_name": "Priya Bedi",
      "victim_name": "Ravi Iyer",
      "location": "Nagpur, Sitabuldi",
      "court_type": "Environment Court"
    },
    {
      "fir_number": "KID007/2023",
      "year": 2024,
      "accused_name": "Rahul Sen",
      "victim_name": "Naresh Mehta",
      "location": "Mumbai, Andheri",
      "court_type": "Sessions Court"
    },
    {
      "fir_number": "KID008/2023",
      "year": 2022,
      "accused_name": "Vinay Rawat",
      "victim_name": "Vikas Sharma",
      "location": "Jaipur, Mansarovar",
      "court_type": "Municipal Court"
    },
    {
      "fir_number": "KID009/2022",
      "year": 2021,
      "accused_name": "Rahul Rawat",
      "victim_name": "Rahul Sheikh",
      "location": "Patna, Kankarbagh",
      "court_type": "Magistrate Court"
    },
    {
      "fir_number": "KID010/2024",
      "year": 2022,
      "accused_name": "Rashmi Kumar",
      "victim_name": "Ankit Singh",
      "location": "Ranchi, Harmu",
      "court_type": "Sessions Court"
    },
    {
      "fir_number": "KID011/2024",
      "year": 2024,
      "accused_name": "Rahul Kumar",
      "victim_name": "Ajay Sinha",
      "location": "Pune, Shivaji Nagar",
      "court_type": "Cyber Crime Court"
    },
    {
      "fir_number": "KID012/2024",
      "year": 2023,
      "accused_name": "Ankit Agarwal",
      "victim_name": "Vikas Tiwari",
      "location": "Mumbai, Andheri",
      "court_type": "Fast Track Court"
    },
    {
      "fir_number": "KID013/2024",
      "year": 2022,
      "accused_name": "Meena Singh",
      "victim_name": "Deepak Yadav",
      "location": "Delhi, Rohini",
      "court_type": "Magistrate Court"
    },
    {
      "fir_number": "KID014/2021",
      "year": 2024,
      "accused_name": "Mohit Mehta",
      "victim_name": "Amit Agarwal",
      "location": "Mumbai, Andheri",
      "court_type": "Fast Track Court"
    },
    {
      "fir_number": "KID015/2022",
      "year": 2021,
      "accused_name": "Kunal Joshi",
      "victim_name": "Arjun Thakur",
      "location": "Pune, Shivaji Nagar",
      "court_type": "Cyber Crime Court"
    },
    {
      "fir_number": "KID016/2024",
      "year": 2021,
      "accused_name": "Vikas Sharma",
      "victim_name": "Amit Lal",
      "location": "Ranchi, Harmu",
      "court_type": "Juvenile Court"
    },
    {
      "fir_number": "KID017/2021",
      "year": 2022,
      "accused_name": "Mohit Verma",
      "victim_name": "Vikas Sheikh",
      "location": "Ranchi, Harmu",
      "court_type": "Environment Court"
    },
    {
      "fir_number": "KID018/2023",
      "year": 2024,
      "accused_name": "Ankit Mehta",
      "victim_name": "Priya Yadav",
      "location": "Jhansi, Bundelkhand",
      "court_type": "Sessions Court"
    },
    {
      "fir_number": "KID019/2023",
      "year": 2022,
      "accused_name": "Naresh Sinha",
      "victim_name": "Arjun Iyer",
      "location": "Delhi, Rohini",
      "court_type": "Sessions Court"
    },
    {
      "fir_number": "KID020/2021",
      "year": 2024,
      "accused_name": "Imran Yadav",
      "victim_name": "Meena Sinha",
      "location": "Pune, Shivaji Nagar",
      "court_type": "Anti-Corruption Court"
    }
  ],
  "Cyber Crime": [
    {
      "fir_number": "CYB001/2024",
      "year": 2023,
      "accused_name": "Deepak Tiwari",
      "victim_name": "Kunal Verma",
      "location": "Chandigarh, Sector 22",
      "court_type": "Sessions Court"
    },
    {
      "fir_number": "CYB002/2022",
      "year": 2021,
      "accused_name": "Ajay Dube",
      "victim_name": "Amit Kumar",
      "location": "Patna, Kankarbagh",
      "court_type": "District Court"
    },
    {
      "fir_number": "CYB003/2021",
      "year": 2021,
      "accused_name": "Kunal Sen",
      "victim_name": "Priya Tiwari",
      "location": "Jhansi, Bundelkhand",
      "court_type": "Economic Offenses Court"
    },
    {
      "fir_number": "CYB004/2024",
      "year": 2023,
      "accused_name": "Vikas Malhotra",
      "victim_name": "Savita Rana",
      "location": "Mumbai, Andheri",
      "court_type": "Sessions Court"
    },
    {
      "fir_number": "CYB005/2021",
      "year": 2021,
      "accused_name": "Ajay Bedi",
      "victim_name": "Deepak Sen",
      "location": "Pune, Shivaji Nagar",
      "court_type": "District Court"
    },
    {
      "fir_number": "CYB006/2022",
      "year": 2023,
      "accused_name": "Vikas Sen",
      "victim_name": "Karan Singh",
      "location": "Jhansi, Bundelkhand",
      "court_type": "Magistrate Court"
    },
    {
      "fir_number": "CYB007/2024",
      "year": 2021,
      "accused_name": "Mohit Rana",
      "victim_name": "Rahul Joshi",
      "location": "Surat, Varachha",
      "court_type": "Anti-Corruption Court"
    },
    {
      "fir_number": "CYB008/2024",
      "year": 2024,
      "accused_name": "Priya Tiwari",
      "victim_name": "Imran Singh",
      "location": "Jaipur, Mansarovar",
      "court_type": "Juvenile Court"
    },
    {
      "fir_number": "CYB009/2022",
      "year": 2021,
      "accused_name": "Mohit Singh",
      "victim_name": "Imran Malhotra",
      "location": "Jhansi, Bundelkhand",
      "court_type": "NDPS Court"
    },
    {
      "fir_number": "CYB010/2022",
      "year": 2023,
      "accused_name": "Naresh Lal",
      "victim_name": "Amit Mehta",
      "location": "Surat, Varachha",
      "court_type": "Juvenile Court"
    },
    {
      "fir_number": "CYB011/2024",
      "year": 2021,
      "accused_name": "Sohan Sen",
      "victim_name": "Amit Agarwal",
      "location": "Noida, Sector 62",
      "court_type": "Juvenile Court"
    },
    {
      "fir_number": "CYB012/2021",
      "year": 2023,
      "accused_name": "Mohit Verma",
      "victim_name": "Kunal Singh",
      "location": "Jaipur, Mansarovar",
      "court_type": "Sessions Court"
    },
    {
      "fir_number": "CYB013/2022",
      "year": 2023,
      "accused_name": "Vikas Bedi",
      "victim_name": "Deepak Kumar",
      "location": "Chennai, Velachery",
      "court_type": "District Court"
    },
    {
      "fir_number": "CYB014/2022",
      "year": 2022,
      "accused_name": "Priya Sharma",
      "victim_name": "Naresh Sheikh",
      "location": "Kolkata, Salt Lake",
      "court_type": "Municipal Court"
    },
    {
      "fir_number": "CYB015/2024",
      "year": 2024,
      "accused_name": "Mohit Verma",
      "victim_name": "Sohan Joshi",
      "location": "Chennai, Velachery",
      "court_type": "NDPS Court"
    },
    {
      "fir_number": "CYB016/2023",
      "year": 2024,
      "accused_name": "Savita Malhotra",
      "victim_name": "Amit Sen",
      "location": "Bangalore, HSR Layout",
      "court_type": "Sessions Court"
    },
    {
      "fir_number": "CYB017/2023",
      "year": 2021,
      "accused_name": "Ajay Sen",
      "victim_name": "Imran Thakur",
      "location": "Lucknow, Alambagh",
      "court_type": "Magistrate Court"
    },
    {
      "fir_number": "CYB018/2022",
      "year": 2024,
      "accused_name": "Meena Sheikh",
      "victim_name": "Rashmi Kumar",
      "location": "Chandigarh, Sector 22",
      "court_type": "Economic Offenses Court"
    },
    {
      "fir_number": "CYB019/2023",
      "year": 2021,
      "accused_name": "Rashmi Kumar",
      "victim_name": "Amit Sinha",
      "location": "Hyderabad, Gachibowli",
      "court_type": "Anti-Corruption Court"
    },
    {
      "fir_number": "CYB020/2021",
      "year": 2024,
      "accused_name": "Sohan Rawat",
      "victim_name": "Arjun Sharma",
      "location": "Delhi, Rohini",
      "court_type": "Economic Offenses Court"
    }
  ],
  "Dowry Harassment": [
    {
      "fir_number": "DOW001/2022",
      "year": 2023,
      "accused_name": "Sunita Kumar",
      "victim_name": "Mohit Agarwal",
      "location": "Bhopal, TT Nagar",
      "court_type": "Municipal Court"
    },
    {
      "fir_number": "DOW002/2021",
      "year": 2024,
      "accused_name": "Naresh Malhotra",
      "victim_name": "Imran Dube",
      "location": "Ahmedabad, Maninagar",
      "court_type": "Cyber Crime Court"
    },
    {
      "fir_number": "DOW003/2023",
      "year": 2024,
      "accused_name": "Savita Dube",
      "victim_name": "Ajay Yadav",
      "location": "Nagpur, Sitabuldi",
      "court_type": "Economic Offenses Court"
    },
    {
      "fir_number": "DOW004/2023",
      "year": 2021,
      "accused_name": "Sunita Kumar",
      "victim_name": "Rashmi Rawat",
      "location": "Coimbatore, RS Puram",
      "court_type": "Fast Track Court"
    },
    {
      "fir_number": "DOW005/2022",
      "year": 2022,
      "accused_name": "Imran Lal",
      "victim_name": "Ankit Rawat",
      "location": "Nagpur, Sitabuldi",
      "court_type": "Cyber Crime Court"
    },
    {
      "fir_number": "DOW006/2024",
      "year": 2021,
      "accused_name": "Savita Sheikh",
      "victim_name": "Rashmi Singh",
      "location": "Surat, Varachha",
      "court_type": "Cyber Crime Court"
    },
    {
      "fir_number": "DOW007/2024",
      "year": 2024,
      "accused_name": "Savita Mehta",
      "victim_name": "Sunita Sen",
      "location": "Bangalore, HSR Layout",
      "court_type": "Magistrate Court"
    },
    {
      "fir_number": "DOW008/2023",
      "year": 2021,
      "accused_name": "Meena Sheikh",
      "victim_name": "Sohan Rawat",
      "location": "Ranchi, Harmu",
      "court_type": "Environment Court"
    },
    {
      "fir_number": "DOW009/2023",
      "year": 2023,
      "accused_name": "Vinay Bedi",
      "victim_name": "Karan Rana",
      "location": "Ahmedabad, Maninagar",
      "court_type": "Environment Court"
    },
    {
      "fir_number": "DOW010/2024",
      "year": 2024,
      "accused_name": "Amit Rana",
      "victim_name": "Savita Thakur",
      "location": "Chandigarh, Sector 22",
      "court_type": "Juvenile Court"
    },
    {
      "fir_number": "DOW011/2024",
      "year": 2021,
      "accused_name": "Ankit Yadav",
      "victim_name": "Vikas Yadav",
      "location": "Ahmedabad, Maninagar",
      "court_type": "Sessions Court"
    },
    {
      "fir_number": "DOW012/2024",
      "year": 2022,
      "accused_name": "Savita Verma",
      "victim_name": "Sohan Sharma",
      "location": "Chandigarh, Sector 22",
      "court_type": "Sessions Court"
    },
    {
      "fir_number": "DOW013/2021",
      "year": 2023,
      "accused_name": "Vikas Dube",
      "victim_name": "Vikas Sharma",
      "location": "Nagpur, Sitabuldi",
      "court_type": "Magistrate Court"
    },
    {
      "fir_number": "DOW014/2023",
      "year": 2024,
      "accused_name": "Amit Rana",
      "victim_name": "Rashmi Sharma",
      "location": "Coimbatore, RS Puram",
      "court_type": "Municipal Court"
    },
    {
      "fir_number": "DOW015/2023",
      "year": 2023,
      "accused_name": "Naresh Joshi",
      "victim_name": "Rashmi Sheikh",
      "location": "Surat, Varachha",
      "court_type": "Environment Court"
    },
    {
      "fir_number": "DOW016/2024",
      "year": 2023,
      "accused_name": "Vinay Sinha",
      "victim_name": "Sohan Rawat",
      "location": "Chennai, Velachery",
      "court_type": "Anti-Corruption Court"
    },
    {
      "fir_number": "DOW017/2022",
      "year": 2023,
      "accused_name": "Rashmi Kumar",
      "victim_name": "Vikas Sen",
      "location": "Pune, Shivaji Nagar",
      "court_type": "Municipal Court"
    },
    {
      "fir_number": "DOW018/2024",
      "year": 2021,
      "accused_name": "Ravi Rawat",
      "victim_name": "Mohit Sheikh",
      "location": "Nagpur, Sitabuldi",
      "court_type": "Municipal Court"
    },
    {
      "fir_number": "DOW019/2021",
      "year": 2024,
      "accused_name": "Ajay Mehta",
      "victim_name": "Savita Kumar",
      "location": "Jaipur, Mansarovar",
      "court_type": "Magistrate Court"
    },
    {
      "fir_number": "DOW020/2024",
      "year": 2021,
      "accused_name": "Kunal Rana",
      "victim_name": "Ajay Mehta",
      "location": "Mumbai, Andheri",
      "court_type": "Cyber Crime Court"
    }
  ],
  "Drug Offenses": [
    {
      "fir_number": "DRU001/2022",
      "year": 2021,
      "accused_name": "Rahul Iyer",
      "victim_name": "Rashmi Yadav",
      "location": "Chennai, Velachery",
      "court_type": "Economic Offenses Court"
    },
    {
      "fir_number": "DRU002/2023",
      "year": 2021,
      "accused_name": "Priya Sinha",
      "victim_name": "Rahul Singh",
      "location": "Surat, Varachha",
      "court_type": "Fast Track Court"
    },
    {
      "fir_number": "DRU003/2021",
      "year": 2024,
      "accused_name": "Savita Rawat",
      "victim_name": "Vikas Singh",
      "location": "Surat, Varachha",
      "court_type": "Municipal Court"
    },
    {
      "fir_number": "DRU004/2024",
      "year": 2021,
      "accused_name": "Ajay Yadav",
      "victim_name": "Priya Yadav",
      "location": "Pune, Shivaji Nagar",
      "court_type": "Sessions Court"
    },
    {
      "fir_number": "DRU005/2023",
      "year": 2021,
      "accused_name": "Sunita Sinha",
      "victim_name": "Amit Sen",
      "location": "Jaipur, Mansarovar",
      "court_type": "Anti-Corruption Court"
    },
    {
      "fir_number": "DRU006/2023",
      "year": 2021,
      "accused_name": "Vinay Sheikh",
      "victim_name": "Priya Mehta",
      "location": "Noida, Sector 62",
      "court_type": "Economic Offenses Court"
    },
    {
      "fir_number": "DRU007/2022",
      "year": 2021,
      "accused_name": "Mohit Rana",
      "victim_name": "Naresh Rawat",
      "location": "Lucknow, Alambagh",
      "court_type": "Anti-Corruption Court"
    },
    {
      "fir_number": "DRU008/2024",
      "year": 2023,
      "accused_name": "Arjun Rawat",
      "victim_name": "Rashmi Sen",
      "location": "Jaipur, Mansarovar",
      "court_type": "Municipal Court"
    },
    {
      "fir_number": "DRU009/2022",
      "year": 2024,
      "accused_name": "Sohan Malhotra",
      "victim_name": "Savita Rawat",
      "location": "Lucknow, Alambagh",
      "court_type": "Magistrate Court"
    },
    {
      "fir_number": "DRU010/2022",
      "year": 2023,
      "accused_name": "Imran Thakur",
      "victim_name": "Naresh Tiwari",
      "location": "Delhi, Rohini",
      "court_type": "Family Court"
    },
    {
      "fir_number": "DRU011/2021",
      "year": 2024,
      "accused_name": "Rashmi Bedi",
      "victim_name": "Karan Joshi",
      "location": "Jaipur, Mansarovar",
      "court_type": "Fast Track Court"
    },
    {
      "fir_number": "DRU012/2021",
      "year": 2022,
      "accused_name": "Sohan Rawat",
      "victim_name": "Kunal Mehta",
      "location": "Delhi, Rohini",
      "court_type": "Family Court"
    },
    {
      "fir_number": "DRU013/2021",
      "year": 2021,
      "accused_name": "Savita Sinha",
      "victim_name": "Kunal Malhotra",
      "location": "Noida, Sector 62",
      "court_type": "Economic Offenses Court"
    },
    {
      "fir_number": "DRU014/2021",
      "year": 2024,
      "accused_name": "Vinay Rana",
      "victim_name": "Sohan Sheikh",
      "location": "Ranchi, Harmu",
      "court_type": "Cyber Crime Court"
    },
    {
      "fir_number": "DRU015/2022",
      "year": 2024,
      "accused_name": "Mohit Malhotra",
      "victim_name": "Meena Mehta",
      "location": "Ahmedabad, Maninagar",
      "court_type": "District Court"
    },
    {
      "fir_number": "DRU016/2024",
      "year": 2024,
      "accused_name": "Mohit Mehta",
      "victim_name": "Rashmi Thakur",
      "location": "Goa, Panaji",
      "court_type": "NDPS Court"
    },
    {
      "fir_number": "DRU017/2021",
      "year": 2022,
      "accused_name": "Vikas Malhotra",
      "victim_name": "Sohan Agarwal",
      "location": "Patna, Kankarbagh",
      "court_type": "Fast Track Court"
    },
    {
      "fir_number": "DRU018/2023",
      "year": 2023,
      "accused_name": "Mohit Verma",
      "victim_name": "Ajay Sen",
      "location": "Kolkata, Salt Lake",
      "court_type": "Juvenile Court"
    },
    {
      "fir_number": "DRU019/2022",
      "year": 2023,
      "accused_name": "Ankit Sharma",
      "victim_name": "Karan Mehta",
      "location": "Bangalore, HSR Layout",
      "court_type": "Family Court"
    },
    {
      "fir_number": "DRU020/2024",
      "year": 2021,
      "accused_name": "Deepak Bedi",
      "victim_name": "Savita Agarwal",
      "location": "Surat, Varachha",
      "court_type": "Fast Track Court"
    }
  ],
  "Corruption": [
    {
      "fir_number": "COR001/2023",
      "year": 2024,
      "accused_name": "Ankit Sheikh",
      "victim_name": "Deepak Malhotra",
      "location": "Coimbatore, RS Puram",
      "court_type": "District Court"
    },
    {
      "fir_number": "COR002/2023",
      "year": 2024,
      "accused_name": "Vinay Sharma",
      "victim_name": "Arjun Mehta",
      "location": "Lucknow, Alambagh",
      "court_type": "Environment Court"
    },
    {
      "fir_number": "COR003/2022",
      "year": 2021,
      "accused_name": "Karan Sinha",
      "victim_name": "Vinay Singh",
      "location": "Delhi, Rohini",
      "court_type": "NDPS Court"
    },
    {
      "fir_number": "COR004/2022",
      "year": 2022,
      "accused_name": "Arjun Yadav",
      "victim_name": "Kunal Dube",
      "location": "Goa, Panaji",
      "court_type": "Sessions Court"
    },
    {
      "fir_number": "COR005/2022",
      "year": 2022,
      "accused_name": "Sohan Lal",
      "victim_name": "Rashmi Verma",
      "location": "Jaipur, Mansarovar",
      "court_type": "Anti-Corruption Court"
    },
    {
      "fir_number": "COR006/2023",
      "year": 2021,
      "accused_name": "Sohan Sharma",
      "victim_name": "Ajay Thakur",
      "location": "Bhopal, TT Nagar",
      "court_type": "NDPS Court"
    },
    {
      "fir_number": "COR007/2023",
      "year": 2021,
      "accused_name": "Naresh Singh",
      "victim_name": "Mohit Lal",
      "location": "Ranchi, Harmu",
      "court_type": "Municipal Court"
    },
    {
      "fir_number": "COR008/2023",
      "year": 2023,
      "accused_name": "Deepak Sinha",
      "victim_name": "Mohit Bedi",
      "location": "Chandigarh, Sector 22",
      "court_type": "Environment Court"
    },
    {
      "fir_number": "COR009/2022",
      "year": 2023,
      "accused_name": "Imran Rawat",
      "victim_name": "Sunita Rawat",
      "location": "Coimbatore, RS Puram",
      "court_type": "Cyber Crime Court"
    },
    {
      "fir_number": "COR010/2021",
      "year": 2024,
      "accused_name": "Ankit Joshi",
      "victim_name": "Imran Rana",
      "location": "Coimbatore, RS Puram",
      "court_type": "Juvenile Court"
    },
    {
      "fir_number": "COR011/2024",
      "year": 2021,
      "accused_name": "Imran Iyer",
      "victim_name": "Sohan Mehta",
      "location": "Surat, Varachha",
      "court_type": "District Court"
    },
    {
      "fir_number": "COR012/2024",
      "year": 2022,
      "accused_name": "Priya Bedi",
      "victim_name": "Ajay Sheikh",
      "location": "Patna, Kankarbagh",
      "court_type": "Sessions Court"
    },
    {
      "fir_number": "COR013/2022",
      "year": 2024,
      "accused_name": "Amit Thakur",
      "victim_name": "Ajay Rawat",
      "location": "Hyderabad, Gachibowli",
      "court_type": "Municipal Court"
    },
    {
      "fir_number": "COR014/2021",
      "year": 2022,
      "accused_name": "Vinay Verma",
      "victim_name": "Sunita Rawat",
      "location": "Jhansi, Bundelkhand",
      "court_type": "Municipal Court"
    },
    {
      "fir_number": "COR015/2022",
      "year": 2021,
      "accused_name": "Deepak Tiwari",
      "victim_name": "Meena Sen",
      "location": "Jaipur, Mansarovar",
      "court_type": "Sessions Court"
    },
    {
      "fir_number": "COR016/2021",
      "year": 2024,
      "accused_name": "Ankit Lal",
      "victim_name": "Priya Thakur",
      "location": "Jaipur, Mansarovar",
      "court_type": "Sessions Court"
    },
    {
      "fir_number": "COR017/2024",
      "year": 2021,
      "accused_name": "Priya Singh",
      "victim_name": "Vinay Yadav",
      "location": "Kolkata, Salt Lake",
      "court_type": "District Court"
    },
    {
      "fir_number": "COR018/2021",
      "year": 2021,
      "accused_name": "Rashmi Iyer",
      "victim_name": "Sohan Joshi",
      "location": "Delhi, Rohini",
      "court_type": "Magistrate Court"
    },
    {
      "fir_number": "COR019/2024",
      "year": 2022,
      "accused_name": "Sohan Mehta",
      "victim_name": "Sohan Mehta",
      "location": "Patna, Kankarbagh",
      "court_type": "Fast Track Court"
    },
    {
      "fir_number": "COR020/2023",
      "year": 2024,
      "accused_name": "Naresh Sen",
      "victim_name": "Vinay Rana",
      "location": "Ranchi, Harmu",
      "court_type": "Juvenile Court"
    }
  ],
  "Hit and Run": [
    {
      "fir_number": "HIT001/2024",
      "year": 2024,
      "accused_name": "Sohan Sheikh",
      "victim_name": "Ankit Sen",
      "location": "Nagpur, Sitabuldi",
      "court_type": "Family Court"
    },
    {
      "fir_number": "HIT002/2023",
      "year": 2024,
      "accused_name": "Sunita Mehta",
      "victim_name": "Amit Sinha",
      "location": "Kolkata, Salt Lake",
      "court_type": "Environment Court"
    },
    {
      "fir_number": "HIT003/2024",
      "year": 2023,
      "accused_name": "Sohan Sharma",
      "victim_name": "Arjun Lal",
      "location": "Ranchi, Harmu",
      "court_type": "Environment Court"
    },
    {
      "fir_number": "HIT004/2022",
      "year": 2021,
      "accused_name": "Amit Tiwari",
      "victim_name": "Vinay Rana",
      "location": "Noida, Sector 62",
      "court_type": "Economic Offenses Court"
    },
    {
      "fir_number": "HIT005/2024",
      "year": 2023,
      "accused_name": "Ajay Rawat",
      "victim_name": "Rashmi Malhotra",
      "location": "Goa, Panaji",
      "court_type": "Cyber Crime Court"
    },
    {
      "fir_number": "HIT006/2021",
      "year": 2024,
      "accused_name": "Savita Rawat",
      "victim_name": "Imran Dube",
      "location": "Hyderabad, Gachibowli",
      "court_type": "Magistrate Court"
    },
    {
      "fir_number": "HIT007/2023",
      "year": 2023,
      "accused_name": "Priya Mehta",
      "victim_name": "Mohit Kumar",
      "location": "Ranchi, Harmu",
      "court_type": "Cyber Crime Court"
    },
    {
      "fir_number": "HIT008/2021",
      "year": 2024,
      "accused_name": "Mohit Bedi",
      "victim_name": "Vinay Verma",
      "location": "Chandigarh, Sector 22",
      "court_type": "Magistrate Court"
    },
    {
      "fir_number": "HIT009/2023",
      "year": 2022,
      "accused_name": "Amit Agarwal",
      "victim_name": "Ankit Lal",
      "location": "Jaipur, Mansarovar",
      "court_type": "Fast Track Court"
    },
    {
      "fir_number": "HIT010/2023",
      "year": 2024,
      "accused_name": "Deepak Sheikh",
      "victim_name": "Naresh Kumar",
      "location": "Bhopal, TT Nagar",
      "court_type": "Anti-Corruption Court"
    },
    {
      "fir_number": "HIT011/2022",
      "year": 2021,
      "accused_name": "Rahul Mehta",
      "victim_name": "Ankit Yadav",
      "location": "Noida, Sector 62",
      "court_type": "Environment Court"
    },
    {
      "fir_number": "HIT012/2023",
      "year": 2024,
      "accused_name": "Sohan Yadav",
      "victim_name": "Ajay Verma",
      "location": "Jaipur, Mansarovar",
      "court_type": "Sessions Court"
    },
    {
      "fir_number": "HIT013/2022",
      "year": 2022,
      "accused_name": "Sohan Tiwari",
      "victim_name": "Vikas Kumar",
      "location": "Chennai, Velachery",
      "court_type": "Juvenile Court"
    },
    {
      "fir_number": "HIT014/2024",
      "year": 2022,
      "accused_name": "Amit Rawat",
      "victim_name": "Amit Mehta",
      "location": "Chennai, Velachery",
      "court_type": "Anti-Corruption Court"
    },
    {
      "fir_number": "HIT015/2022",
      "year": 2024,
      "accused_name": "Imran Sinha",
      "victim_name": "Priya Verma",
      "location": "Jhansi, Bundelkhand",
      "court_type": "District Court"
    },
    {
      "fir_number": "HIT016/2021",
      "year": 2022,
      "accused_name": "Vikas Dube",
      "victim_name": "Arjun Singh",
      "location": "Hyderabad, Gachibowli",
      "court_type": "Juvenile Court"
    },
    {
      "fir_number": "HIT017/2023",
      "year": 2024,
      "accused_name": "Sohan Bedi",
      "victim_name": "Savita Singh",
      "location": "Nagpur, Sitabuldi",
      "court_type": "NDPS Court"
    },
    {
      "fir_number": "HIT018/2023",
      "year": 2021,
      "accused_name": "Karan Kumar",
      "victim_name": "Sohan Malhotra",
      "location": "Bhopal, TT Nagar",
      "court_type": "Fast Track Court"
    },
    {
      "fir_number": "HIT019/2023",
      "year": 2022,
      "accused_name": "Ankit Tiwari",
      "victim_name": "Kunal Verma",
      "location": "Bhopal, TT Nagar",
      "court_type": "District Court"
    },
    {
      "fir_number": "HIT020/2024",
      "year": 2022,
      "accused_name": "Mohit Agarwal",
      "victim_name": "Arjun Joshi",
      "location": "Bhopal, TT Nagar",
      "court_type": "Magistrate Court"
    }
  ],
  "Forgery": [
    {
      "fir_number": "FOR001/2021",
      "year": 2023,
      "accused_name": "Kunal Dube",
      "victim_name": "Vinay Sinha",
      "location": "Chennai, Velachery",
      "court_type": "Family Court"
    },
    {
      "fir_number": "FOR002/2022",
      "year": 2024,
      "accused_name": "Sohan Agarwal",
      "victim_name": "Ankit Kumar",
      "location": "Noida, Sector 62",
      "court_type": "Anti-Corruption Court"
    },
    {
      "fir_number": "FOR003/2022",
      "year": 2022,
      "accused_name": "Amit Sheikh",
      "victim_name": "Naresh Sen",
      "location": "Chennai, Velachery",
      "court_type": "Environment Court"
    },
    {
      "fir_number": "FOR004/2022",
      "year": 2023,
      "accused_name": "Meena Iyer",
      "victim_name": "Priya Sheikh",
      "location": "Kolkata, Salt Lake",
      "court_type": "Juvenile Court"
    },
    {
      "fir_number": "FOR005/2023",
      "year": 2024,
      "accused_name": "Meena Sen",
      "victim_name": "Sunita Tiwari",
      "location": "Mumbai, Andheri",
      "court_type": "Economic Offenses Court"
    },
    {
      "fir_number": "FOR006/2023",
      "year": 2024,
      "accused_name": "Priya Sinha",
      "victim_name": "Deepak Lal",
      "location": "Ahmedabad, Maninagar",
      "court_type": "Municipal Court"
    },
    {
      "fir_number": "FOR007/2024",
      "year": 2021,
      "accused_name": "Imran Yadav",
      "victim_name": "Sunita Iyer",
      "location": "Nagpur, Sitabuldi",
      "court_type": "Magistrate Court"
    },
    {
      "fir_number": "FOR008/2022",
      "year": 2021,
      "accused_name": "Priya Dube",
      "victim_name": "Rahul Agarwal",
      "location": "Kolkata, Salt Lake",
      "court_type": "Anti-Corruption Court"
    },
    {
      "fir_number": "FOR009/2024",
      "year": 2021,
      "accused_name": "Karan Tiwari",
      "victim_name": "Kunal Sharma",
      "location": "Lucknow, Alambagh",
      "court_type": "Sessions Court"
    },
    {
      "fir_number": "FOR010/2022",
      "year": 2022,
      "accused_name": "Sohan Tiwari",
      "victim_name": "Mohit Tiwari",
      "location": "Noida, Sector 62",
      "court_type": "Municipal Court"
    },
    {
      "fir_number": "FOR011/2021",
      "year": 2021,
      "accused_name": "Mohit Lal",
      "victim_name": "Mohit Verma",
      "location": "Nagpur, Sitabuldi",
      "court_type": "Cyber Crime Court"
    },
    {
      "fir_number": "FOR012/2022",
      "year": 2023,
      "accused_name": "Rahul Singh",
      "victim_name": "Meena Rana",
      "location": "Lucknow, Alambagh",
      "court_type": "Family Court"
    },
    {
      "fir_number": "FOR013/2024",
      "year": 2022,
      "accused_name": "Vinay Lal",
      "victim_name": "Mohit Iyer",
      "location": "Goa, Panaji",
      "court_type": "Economic Offenses Court"
    },
    {
      "fir_number": "FOR014/2021",
      "year": 2021,
      "accused_name": "Karan Rawat",
      "victim_name": "Meena Bedi",
      "location": "Bangalore, HSR Layout",
      "court_type": "Family Court"
    },
    {
      "fir_number": "FOR015/2022",
      "year": 2021,
      "accused_name": "Arjun Sinha",
      "victim_name": "Ajay Mehta",
      "location": "Delhi, Rohini",
      "court_type": "District Court"
    },
    {
      "fir_number": "FOR016/2022",
      "year": 2024,
      "accused_name": "Arjun Mehta",
      "victim_name": "Imran Rawat",
      "location": "Lucknow, Alambagh",
      "court_type": "Cyber Crime Court"
    },
    {
      "fir_number": "FOR017/2022",
      "year": 2023,
      "accused_name": "Ajay Rawat",
      "victim_name": "Naresh Malhotra",
      "location": "Ranchi, Harmu",
      "court_type": "Magistrate Court"
    },
    {
      "fir_number": "FOR018/2023",
      "year": 2023,
      "accused_name": "Karan Singh",
      "victim_name": "Ankit Mehta",
      "location": "Ahmedabad, Maninagar",
      "court_type": "Sessions Court"
    },
    {
      "fir_number": "FOR019/2023",
      "year": 2024,
      "accused_name": "Sohan Rana",
      "victim_name": "Rahul Iyer",
      "location": "Delhi, Rohini",
      "court_type": "Family Court"
    },
    {
      "fir_number": "FOR020/2021",
      "year": 2024,
      "accused_name": "Mohit Sharma",
      "victim_name": "Meena Lal",
      "location": "Jhansi, Bundelkhand",
      "court_type": "Municipal Court"
    }
  ],
  "Child Abuse": [
    {
      "fir_number": "CHI001/2021",
      "year": 2021,
      "accused_name": "Sohan Singh",
      "victim_name": "Vinay Singh",
      "location": "Noida, Sector 62",
      "court_type": "Fast Track Court"
    },
    {
      "fir_number": "CHI002/2024",
      "year": 2022,
      "accused_name": "Rashmi Rawat",
      "victim_name": "Arjun Kumar",
      "location": "Ranchi, Harmu",
      "court_type": "Family Court"
    },
    {
      "fir_number": "CHI003/2022",
      "year": 2023,
      "accused_name": "Vikas Verma",
      "victim_name": "Vikas Sen",
      "location": "Ahmedabad, Maninagar",
      "court_type": "District Court"
    },
    {
      "fir_number": "CHI004/2023",
      "year": 2023,
      "accused_name": "Amit Malhotra",
      "victim_name": "Rashmi Iyer",
      "location": "Bangalore, HSR Layout",
      "court_type": "NDPS Court"
    },
    {
      "fir_number": "CHI005/2024",
      "year": 2021,
      "accused_name": "Arjun Joshi",
      "victim_name": "Priya Verma",
      "location": "Jhansi, Bundelkhand",
      "court_type": "Fast Track Court"
    },
    {
      "fir_number": "CHI006/2021",
      "year": 2024,
      "accused_name": "Savita Mehta",
      "victim_name": "Mohit Sinha",
      "location": "Bhopal, TT Nagar",
      "court_type": "NDPS Court"
    },
    {
      "fir_number": "CHI007/2021",
      "year": 2021,
      "accused_name": "Ankit Rawat",
      "victim_name": "Deepak Sinha",
      "location": "Bhopal, TT Nagar",
      "court_type": "Cyber Crime Court"
    },
    {
      "fir_number": "CHI008/2021",
      "year": 2021,
      "accused_name": "Deepak Singh",
      "victim_name": "Sohan Bedi",
      "location": "Lucknow, Alambagh",
      "court_type": "Sessions Court"
    },
    {
      "fir_number": "CHI009/2022",
      "year": 2024,
      "accused_name": "Ajay Joshi",
      "victim_name": "Imran Lal",
      "location": "Hyderabad, Gachibowli",
      "court_type": "District Court"
    },
    {
      "fir_number": "CHI010/2023",
      "year": 2022,
      "accused_name": "Kunal Rana",
      "victim_name": "Imran Sheikh",
      "location": "Kolkata, Salt Lake",
      "court_type": "Sessions Court"
    },
    {
      "fir_number": "CHI011/2023",
      "year": 2023,
      "accused_name": "Meena Sinha",
      "victim_name": "Vinay Rana",
      "location": "Noida, Sector 62",
      "court_type": "NDPS Court"
    },
    {
      "fir_number": "CHI012/2024",
      "year": 2021,
      "accused_name": "Priya Joshi",
      "victim_name": "Ankit Sinha",
      "location": "Surat, Varachha",
      "court_type": "Municipal Court"
    },
    {
      "fir_number": "CHI013/2021",
      "year": 2022,
      "accused_name": "Deepak Sharma",
      "victim_name": "Meena Singh",
      "location": "Bhopal, TT Nagar",
      "court_type": "Economic Offenses Court"
    },
    {
      "fir_number": "CHI014/2022",
      "year": 2021,
      "accused_name": "Sunita Sheikh",
      "victim_name": "Kunal Thakur",
      "location": "Pune, Shivaji Nagar",
      "court_type": "Environment Court"
    },
    {
      "fir_number": "CHI015/2021",
      "year": 2021,
      "accused_name": "Naresh Dube",
      "victim_name": "Ajay Lal",
      "location": "Jaipur, Mansarovar",
      "court_type": "Fast Track Court"
    },
    {
      "fir_number": "CHI016/2023",
      "year": 2024,
      "accused_name": "Priya Malhotra",
      "victim_name": "Sunita Sheikh",
      "location": "Kolkata, Salt Lake",
      "court_type": "Anti-Corruption Court"
    },
    {
      "fir_number": "CHI017/2024",
      "year": 2024,
      "accused_name": "Rahul Agarwal",
      "victim_name": "Imran Sharma",
      "location": "Patna, Kankarbagh",
      "court_type": "Magistrate Court"
    },
    {
      "fir_number": "CHI018/2022",
      "year": 2024,
      "accused_name": "Naresh Malhotra",
      "victim_name": "Rashmi Dube",
      "location": "Lucknow, Alambagh",
      "court_type": "Juvenile Court"
    },
    {
      "fir_number": "CHI019/2021",
      "year": 2023,
      "accused_name": "Savita Joshi",
      "victim_name": "Savita Malhotra",
      "location": "Surat, Varachha",
      "court_type": "Family Court"
    },
    {
      "fir_number": "CHI020/2021",
      "year": 2022,
      "accused_name": "Ravi Verma",
      "victim_name": "Amit Rana",
      "location": "Delhi, Rohini",
      "court_type": "NDPS Court"
    }
  ],
  "Domestic Violence": [
    {
      "fir_number": "DOM001/2023",
      "year": 2021,
      "accused_name": "Mohit Bedi",
      "victim_name": "Imran Dube",
      "location": "Ahmedabad, Maninagar",
      "court_type": "Sessions Court"
    },
    {
      "fir_number": "DOM002/2022",
      "year": 2024,
      "accused_name": "Vikas Sinha",
      "victim_name": "Rashmi Tiwari",
      "location": "Nagpur, Sitabuldi",
      "court_type": "Economic Offenses Court"
    },
    {
      "fir_number": "DOM003/2021",
      "year": 2021,
      "accused_name": "Deepak Sheikh",
      "victim_name": "Sohan Sharma",
      "location": "Mumbai, Andheri",
      "court_type": "Environment Court"
    },
    {
      "fir_number": "DOM004/2024",
      "year": 2023,
      "accused_name": "Ajay Iyer",
      "victim_name": "Sunita Mehta",
      "location": "Lucknow, Alambagh",
      "court_type": "Family Court"
    },
    {
      "fir_number": "DOM005/2022",
      "year": 2021,
      "accused_name": "Meena Rawat",
      "victim_name": "Rahul Sen",
      "location": "Goa, Panaji",
      "court_type": "Magistrate Court"
    },
    {
      "fir_number": "DOM006/2024",
      "year": 2022,
      "accused_name": "Ajay Rana",
      "victim_name": "Priya Rana",
      "location": "Chandigarh, Sector 22",
      "court_type": "Environment Court"
    },
    {
      "fir_number": "DOM007/2021",
      "year": 2022,
      "accused_name": "Savita Sinha",
      "victim_name": "Vinay Rana",
      "location": "Patna, Kankarbagh",
      "court_type": "Economic Offenses Court"
    },
    {
      "fir_number": "DOM008/2023",
      "year": 2023,
      "accused_name": "Vinay Bedi",
      "victim_name": "Amit Tiwari",
      "location": "Chennai, Velachery",
      "court_type": "Anti-Corruption Court"
    },
    {
      "fir_number": "DOM009/2023",
      "year": 2022,
      "accused_name": "Deepak Rana",
      "victim_name": "Sunita Joshi",
      "location": "Ranchi, Harmu",
      "court_type": "Magistrate Court"
    },
    {
      "fir_number": "DOM010/2023",
      "year": 2023,
      "accused_name": "Amit Malhotra",
      "victim_name": "Ankit Sen",
      "location": "Pune, Shivaji Nagar",
      "court_type": "Juvenile Court"
    },
    {
      "fir_number": "DOM011/2022",
      "year": 2022,
      "accused_name": "Ankit Joshi",
      "victim_name": "Amit Agarwal",
      "location": "Chennai, Velachery",
      "court_type": "Juvenile Court"
    },
    {
      "fir_number": "DOM012/2021",
      "year": 2022,
      "accused_name": "Amit Sheikh",
      "victim_name": "Rashmi Tiwari",
      "location": "Delhi, Rohini",
      "court_type": "Anti-Corruption Court"
    },
    {
      "fir_number": "DOM013/2021",
      "year": 2021,
      "accused_name": "Ankit Verma",
      "victim_name": "Meena Mehta",
      "location": "Ranchi, Harmu",
      "court_type": "District Court"
    },
    {
      "fir_number": "DOM014/2022",
      "year": 2023,
      "accused_name": "Ajay Bedi",
      "victim_name": "Karan Thakur",
      "location": "Ranchi, Harmu",
      "court_type": "District Court"
    },
    {
      "fir_number": "DOM015/2024",
      "year": 2024,
      "accused_name": "Ravi Verma",
      "victim_name": "Rahul Joshi",
      "location": "Chennai, Velachery",
      "court_type": "Cyber Crime Court"
    },
    {
      "fir_number": "DOM016/2024",
      "year": 2022,
      "accused_name": "Naresh Tiwari",
      "victim_name": "Ankit Mehta",
      "location": "Kolkata, Salt Lake",
      "court_type": "Environment Court"
    },
    {
      "fir_number": "DOM017/2021",
      "year": 2021,
      "accused_name": "Ravi Iyer",
      "victim_name": "Savita Malhotra",
      "location": "Ranchi, Harmu",
      "court_type": "Magistrate Court"
    },
    {
      "fir_number": "DOM018/2023",
      "year": 2023,
      "accused_name": "Deepak Dube",
      "victim_name": "Arjun Sharma",
      "location": "Nagpur, Sitabuldi",
      "court_type": "Cyber Crime Court"
    },
    {
      "fir_number": "DOM019/2022",
      "year": 2023,
      "accused_name": "Kunal Singh",
      "victim_name": "Meena Yadav",
      "location": "Jaipur, Mansarovar",
      "court_type": "Magistrate Court"
    },
    {
      "fir_number": "DOM020/2024",
      "year": 2023,
      "accused_name": "Karan Singh",
      "victim_name": "Kunal Iyer",
      "location": "Patna, Kankarbagh",
      "court_type": "Fast Track Court"
    }
  ],
  "Illegal Mining": [
    {
      "fir_number": "ILL001/2021",
      "year": 2022,
      "accused_name": "Sohan Verma",
      "victim_name": "Mohit Mehta",
      "location": "Delhi, Rohini",
      "court_type": "Fast Track Court"
    },
    {
      "fir_number": "ILL002/2023",
      "year": 2023,
      "accused_name": "Sohan Sheikh",
      "victim_name": "Deepak Malhotra",
      "location": "Bangalore, HSR Layout",
      "court_type": "Anti-Corruption Court"
    },
    {
      "fir_number": "ILL003/2023",
      "year": 2021,
      "accused_name": "Vinay Sheikh",
      "victim_name": "Sohan Rawat",
      "location": "Jaipur, Mansarovar",
      "court_type": "Family Court"
    },
    {
      "fir_number": "ILL004/2024",
      "year": 2021,
      "accused_name": "Ajay Sheikh",
      "victim_name": "Mohit Kumar",
      "location": "Mumbai, Andheri",
      "court_type": "Environment Court"
    },
    {
      "fir_number": "ILL005/2021",
      "year": 2022,
      "accused_name": "Ajay Bedi",
      "victim_name": "Sohan Bedi",
      "location": "Nagpur, Sitabuldi",
      "court_type": "NDPS Court"
    },
    {
      "fir_number": "ILL006/2022",
      "year": 2021,
      "accused_name": "Sunita Rana",
      "victim_name": "Arjun Sen",
      "location": "Jhansi, Bundelkhand",
      "court_type": "District Court"
    },
    {
      "fir_number": "ILL007/2022",
      "year": 2023,
      "accused_name": "Sohan Sinha",
      "victim_name": "Karan Sinha",
      "location": "Chandigarh, Sector 22",
      "court_type": "Municipal Court"
    },
    {
      "fir_number": "ILL008/2023",
      "year": 2024,
      "accused_name": "Kunal Singh",
      "victim_name": "Priya Yadav",
      "location": "Goa, Panaji",
      "court_type": "District Court"
    },
    {
      "fir_number": "ILL009/2024",
      "year": 2021,
      "accused_name": "Amit Joshi",
      "victim_name": "Sohan Thakur",
      "location": "Mumbai, Andheri",
      "court_type": "Juvenile Court"
    },
    {
      "fir_number": "ILL010/2023",
      "year": 2021,
      "accused_name": "Rahul Bedi",
      "victim_name": "Amit Yadav",
      "location": "Jhansi, Bundelkhand",
      "court_type": "Municipal Court"
    },
    {
      "fir_number": "ILL011/2023",
      "year": 2021,
      "accused_name": "Ajay Rana",
      "victim_name": "Karan Malhotra",
      "location": "Nagpur, Sitabuldi",
      "court_type": "Sessions Court"
    },
    {
      "fir_number": "ILL012/2021",
      "year": 2023,
      "accused_name": "Mohit Rana",
      "victim_name": "Ankit Iyer",
      "location": "Bangalore, HSR Layout",
      "court_type": "Juvenile Court"
    },
    {
      "fir_number": "ILL013/2021",
      "year": 2024,
      "accused_name": "Sunita Sinha",
      "victim_name": "Meena Sheikh",
      "location": "Jaipur, Mansarovar",
      "court_type": "Environment Court"
    },
    {
      "fir_number": "ILL014/2022",
      "year": 2022,
      "accused_name": "Deepak Kumar",
      "victim_name": "Rahul Dube",
      "location": "Pune, Shivaji Nagar",
      "court_type": "Magistrate Court"
    },
    {
      "fir_number": "ILL015/2021",
      "year": 2023,
      "accused_name": "Vikas Thakur",
      "victim_name": "Imran Bedi",
      "location": "Delhi, Rohini",
      "court_type": "Sessions Court"
    },
    {
      "fir_number": "ILL016/2023",
      "year": 2023,
      "accused_name": "Kunal Dube",
      "victim_name": "Karan Sen",
      "location": "Jaipur, Mansarovar",
      "court_type": "Municipal Court"
    },
    {
      "fir_number": "ILL017/2021",
      "year": 2021,
      "accused_name": "Mohit Sharma",
      "victim_name": "Ravi Yadav",
      "location": "Ahmedabad, Maninagar",
      "court_type": "Juvenile Court"
    },
    {
      "fir_number": "ILL018/2021",
      "year": 2024,
      "accused_name": "Naresh Dube",
      "victim_name": "Deepak Sinha",
      "location": "Chandigarh, Sector 22",
      "court_type": "Economic Offenses Court"
    },
    {
      "fir_number": "ILL019/2023",
      "year": 2024,
      "accused_name": "Kunal Yadav",
      "victim_name": "Rashmi Agarwal",
      "location": "Coimbatore, RS Puram",
      "court_type": "NDPS Court"
    },
    {
      "fir_number": "ILL020/2022",
      "year": 2022,
      "accused_name": "Rahul Sinha",
      "victim_name": "Rahul Kumar",
      "location": "Lucknow, Alambagh",
      "court_type": "Family Court"
    }
  ],
  "Financial Fraud": [
    {
      "fir_number": "FIN001/2024",
      "year": 2024,
      "accused_name": "Rashmi Kumar",
      "victim_name": "Sunita Yadav",
      "location": "Delhi, Rohini",
      "court_type": "Cyber Crime Court"
    },
    {
      "fir_number": "FIN002/2023",
      "year": 2023,
      "accused_name": "Karan Tiwari",
      "victim_name": "Rashmi Thakur",
      "location": "Surat, Varachha",
      "court_type": "Sessions Court"
    },
    {
      "fir_number": "FIN003/2021",
      "year": 2022,
      "accused_name": "Priya Joshi",
      "victim_name": "Ravi Thakur",
      "location": "Goa, Panaji",
      "court_type": "Sessions Court"
    },
    {
      "fir_number": "FIN004/2023",
      "year": 2023,
      "accused_name": "Vinay Agarwal",
      "victim_name": "Meena Malhotra",
      "location": "Pune, Shivaji Nagar",
      "court_type": "Environment Court"
    },
    {
      "fir_number": "FIN005/2021",
      "year": 2023,
      "accused_name": "Rashmi Dube",
      "victim_name": "Kunal Sen",
      "location": "Jhansi, Bundelkhand",
      "court_type": "Cyber Crime Court"
    },
    {
      "fir_number": "FIN006/2021",
      "year": 2024,
      "accused_name": "Kunal Sharma",
      "victim_name": "Kunal Mehta",
      "location": "Chandigarh, Sector 22",
      "court_type": "District Court"
    },
    {
      "fir_number": "FIN007/2023",
      "year": 2022,
      "accused_name": "Deepak Lal",
      "victim_name": "Ravi Mehta",
      "location": "Lucknow, Alambagh",
      "court_type": "NDPS Court"
    },
    {
      "fir_number": "FIN008/2022",
      "year": 2024,
      "accused_name": "Vinay Rawat",
      "victim_name": "Deepak Verma",
      "location": "Surat, Varachha",
      "court_type": "Family Court"
    },
    {
      "fir_number": "FIN009/2022",
      "year": 2022,
      "accused_name": "Arjun Mehta",
      "victim_name": "Karan Rana",
      "location": "Surat, Varachha",
      "court_type": "Family Court"
    },
    {
      "fir_number": "FIN010/2024",
      "year": 2021,
      "accused_name": "Ravi Iyer",
      "victim_name": "Vikas Iyer",
      "location": "Bhopal, TT Nagar",
      "court_type": "Fast Track Court"
    },
    {
      "fir_number": "FIN011/2023",
      "year": 2022,
      "accused_name": "Naresh Verma",
      "victim_name": "Deepak Sen",
      "location": "Jhansi, Bundelkhand",
      "court_type": "District Court"
    },
    {
      "fir_number": "FIN012/2021",
      "year": 2023,
      "accused_name": "Kunal Tiwari",
      "victim_name": "Imran Sen",
      "location": "Delhi, Rohini",
      "court_type": "Juvenile Court"
    },
    {
      "fir_number": "FIN013/2023",
      "year": 2024,
      "accused_name": "Ravi Sen",
      "victim_name": "Ravi Sharma",
      "location": "Pune, Shivaji Nagar",
      "court_type": "NDPS Court"
    },
    {
      "fir_number": "FIN014/2023",
      "year": 2023,
      "accused_name": "Mohit Tiwari",
      "victim_name": "Amit Bedi",
      "location": "Ahmedabad, Maninagar",
      "court_type": "Family Court"
    },
    {
      "fir_number": "FIN015/2023",
      "year": 2023,
      "accused_name": "Vikas Rawat",
      "victim_name": "Meena Dube",
      "location": "Bangalore, HSR Layout",
      "court_type": "Fast Track Court"
    },
    {
      "fir_number": "FIN016/2023",
      "year": 2021,
      "accused_name": "Karan Kumar",
      "victim_name": "Vikas Sen",
      "location": "Pune, Shivaji Nagar",
      "court_type": "District Court"
    },
    {
      "fir_number": "FIN017/2021",
      "year": 2024,
      "accused_name": "Priya Tiwari",
      "victim_name": "Kunal Sheikh",
      "location": "Nagpur, Sitabuldi",
      "court_type": "District Court"
    },
    {
      "fir_number": "FIN018/2021",
      "year": 2021,
      "accused_name": "Rahul Sinha",
      "victim_name": "Sunita Sharma",
      "location": "Hyderabad, Gachibowli",
      "court_type": "Family Court"
    },
    {
      "fir_number": "FIN019/2023",
      "year": 2021,
      "accused_name": "Sohan Sinha",
      "victim_name": "Sunita Iyer",
      "location": "Patna, Kankarbagh",
      "court_type": "Cyber Crime Court"
    },
    {
      "fir_number": "FIN020/2022",
      "year": 2021,
      "accused_name": "Karan Thakur",
      "victim_name": "Sohan Thakur",
      "location": "Kolkata, Salt Lake",
      "court_type": "Juvenile Court"
    }
  ],
  "Trespassing": [
    {
      "fir_number": "TRE001/2021",
      "year": 2022,
      "accused_name": "Naresh Singh",
      "victim_name": "Ankit Dube",
      "location": "Hyderabad, Gachibowli",
      "court_type": "Sessions Court"
    },
    {
      "fir_number": "TRE002/2022",
      "year": 2023,
      "accused_name": "Vinay Singh",
      "victim_name": "Rahul Joshi",
      "location": "Jaipur, Mansarovar",
      "court_type": "District Court"
    },
    {
      "fir_number": "TRE003/2024",
      "year": 2023,
      "accused_name": "Ravi Sheikh",
      "victim_name": "Savita Rawat",
      "location": "Goa, Panaji",
      "court_type": "Anti-Corruption Court"
    },
    {
      "fir_number": "TRE004/2024",
      "year": 2023,
      "accused_name": "Vinay Mehta",
      "victim_name": "Kunal Sharma",
      "location": "Goa, Panaji",
      "court_type": "Municipal Court"
    },
    {
      "fir_number": "TRE005/2022",
      "year": 2024,
      "accused_name": "Ajay Singh",
      "victim_name": "Amit Dube",
      "location": "Hyderabad, Gachibowli",
      "court_type": "Magistrate Court"
    },
    {
      "fir_number": "TRE006/2021",
      "year": 2023,
      "accused_name": "Kunal Yadav",
      "victim_name": "Priya Malhotra",
      "location": "Jhansi, Bundelkhand",
      "court_type": "District Court"
    },
    {
      "fir_number": "TRE007/2024",
      "year": 2021,
      "accused_name": "Kunal Kumar",
      "victim_name": "Rahul Malhotra",
      "location": "Chandigarh, Sector 22",
      "court_type": "Anti-Corruption Court"
    },
    {
      "fir_number": "TRE008/2024",
      "year": 2021,
      "accused_name": "Vikas Singh",
      "victim_name": "Vikas Sen",
      "location": "Jhansi, Bundelkhand",
      "court_type": "Environment Court"
    },
    {
      "fir_number": "TRE009/2023",
      "year": 2021,
      "accused_name": "Priya Sen",
      "victim_name": "Imran Malhotra",
      "location": "Jaipur, Mansarovar",
      "court_type": "Economic Offenses Court"
    },
    {
      "fir_number": "TRE010/2024",
      "year": 2021,
      "accused_name": "Savita Kumar",
      "victim_name": "Imran Sen",
      "location": "Lucknow, Alambagh",
      "court_type": "District Court"
    },
    {
      "fir_number": "TRE011/2022",
      "year": 2022,
      "accused_name": "Rahul Lal",
      "victim_name": "Vikas Sinha",
      "location": "Bhopal, TT Nagar",
      "court_type": "District Court"
    },
    {
      "fir_number": "TRE012/2024",
      "year": 2024,
      "accused_name": "Mohit Joshi",
      "victim_name": "Sunita Bedi",
      "location": "Hyderabad, Gachibowli",
      "court_type": "Family Court"
    },
    {
      "fir_number": "TRE013/2023",
      "year": 2022,
      "accused_name": "Deepak Iyer",
      "victim_name": "Priya Dube",
      "location": "Surat, Varachha",
      "court_type": "Cyber Crime Court"
    },
    {
      "fir_number": "TRE014/2024",
      "year": 2021,
      "accused_name": "Rahul Mehta",
      "victim_name": "Savita Joshi",
      "location": "Hyderabad, Gachibowli",
      "court_type": "Sessions Court"
    },
    {
      "fir_number": "TRE015/2021",
      "year": 2024,
      "accused_name": "Vinay Sen",
      "victim_name": "Amit Agarwal",
      "location": "Nagpur, Sitabuldi",
      "court_type": "Fast Track Court"
    },
    {
      "fir_number": "TRE016/2024",
      "year": 2023,
      "accused_name": "Rashmi Iyer",
      "victim_name": "Sohan Tiwari",
      "location": "Bangalore, HSR Layout",
      "court_type": "Sessions Court"
    },
    {
      "fir_number": "TRE017/2023",
      "year": 2023,
      "accused_name": "Naresh Sinha",
      "victim_name": "Ravi Sinha",
      "location": "Bhopal, TT Nagar",
      "court_type": "Fast Track Court"
    },
    {
      "fir_number": "TRE018/2022",
      "year": 2021,
      "accused_name": "Imran Tiwari",
      "victim_name": "Arjun Kumar",
      "location": "Jaipur, Mansarovar",
      "court_type": "Municipal Court"
    },
    {
      "fir_number": "TRE019/2022",
      "year": 2022,
      "accused_name": "Ravi Sen",
      "victim_name": "Priya Sheikh",
      "location": "Pune, Shivaji Nagar",
      "court_type": "Municipal Court"
    },
    {
      "fir_number": "TRE020/2024",
      "year": 2021,
      "accused_name": "Meena Sheikh",
      "victim_name": "Meena Sheikh",
      "location": "Chennai, Velachery",
      "court_type": "District Court"
    }
  ],
  "Public Nuisance": [
    {
      "fir_number": "PUB001/2023",
      "year": 2022,
      "accused_name": "Arjun Rawat",
      "victim_name": "Ankit Thakur",
      "location": "Bangalore, HSR Layout",
      "court_type": "Sessions Court"
    },
    {
      "fir_number": "PUB002/2022",
      "year": 2023,
      "accused_name": "Savita Bedi",
      "victim_name": "Kunal Lal",
      "location": "Goa, Panaji",
      "court_type": "Sessions Court"
    },
    {
      "fir_number": "PUB003/2024",
      "year": 2021,
      "accused_name": "Priya Tiwari",
      "victim_name": "Ajay Singh",
      "location": "Jhansi, Bundelkhand",
      "court_type": "Environment Court"
    },
    {
      "fir_number": "PUB004/2021",
      "year": 2021,
      "accused_name": "Rashmi Rana",
      "victim_name": "Meena Bedi",
      "location": "Bangalore, HSR Layout",
      "court_type": "Municipal Court"
    },
    {
      "fir_number": "PUB005/2021",
      "year": 2022,
      "accused_name": "Priya Thakur",
      "victim_name": "Vinay Mehta",
      "location": "Coimbatore, RS Puram",
      "court_type": "NDPS Court"
    },
    {
      "fir_number": "PUB006/2023",
      "year": 2023,
      "accused_name": "Vikas Malhotra",
      "victim_name": "Ajay Lal",
      "location": "Mumbai, Andheri",
      "court_type": "Environment Court"
    },
    {
      "fir_number": "PUB007/2023",
      "year": 2022,
      "accused_name": "Sohan Tiwari",
      "victim_name": "Meena Thakur",
      "location": "Bhopal, TT Nagar",
      "court_type": "Sessions Court"
    },
    {
      "fir_number": "PUB008/2022",
      "year": 2021,
      "accused_name": "Imran Lal",
      "victim_name": "Priya Joshi",
      "location": "Mumbai, Andheri",
      "court_type": "Economic Offenses Court"
    },
    {
      "fir_number": "PUB009/2024",
      "year": 2021,
      "accused_name": "Arjun Iyer",
      "victim_name": "Amit Lal",
      "location": "Ahmedabad, Maninagar",
      "court_type": "Anti-Corruption Court"
    },
    {
      "fir_number": "PUB010/2024",
      "year": 2022,
      "accused_name": "Deepak Joshi",
      "victim_name": "Rahul Sheikh",
      "location": "Nagpur, Sitabuldi",
      "court_type": "Anti-Corruption Court"
    },
    {
      "fir_number": "PUB011/2023",
      "year": 2024,
      "accused_name": "Savita Sen",
      "victim_name": "Rahul Dube",
      "location": "Bhopal, TT Nagar",
      "court_type": "Family Court"
    },
    {
      "fir_number": "PUB012/2023",
      "year": 2021,
      "accused_name": "Rashmi Lal",
      "victim_name": "Ravi Rana",
      "location": "Jhansi, Bundelkhand",
      "court_type": "Economic Offenses Court"
    },
    {
      "fir_number": "PUB013/2023",
      "year": 2023,
      "accused_name": "Vinay Verma",
      "victim_name": "Vinay Dube",
      "location": "Goa, Panaji",
      "court_type": "Family Court"
    },
    {
      "fir_number": "PUB014/2023",
      "year": 2023,
      "accused_name": "Kunal Malhotra",
      "victim_name": "Meena Rawat",
      "location": "Chandigarh, Sector 22",
      "court_type": "Sessions Court"
    },
    {
      "fir_number": "PUB015/2023",
      "year": 2022,
      "accused_name": "Rahul Singh",
      "victim_name": "Ajay Dube",
      "location": "Jhansi, Bundelkhand",
      "court_type": "Economic Offenses Court"
    },
    {
      "fir_number": "PUB016/2023",
      "year": 2022,
      "accused_name": "Deepak Dube",
      "victim_name": "Ajay Joshi",
      "location": "Chandigarh, Sector 22",
      "court_type": "Municipal Court"
    },
    {
      "fir_number": "PUB017/2021",
      "year": 2024,
      "accused_name": "Arjun Rana",
      "victim_name": "Mohit Iyer",
      "location": "Hyderabad, Gachibowli",
      "court_type": "Magistrate Court"
    },
    {
      "fir_number": "PUB018/2022",
      "year": 2021,
      "accused_name": "Rahul Malhotra",
      "victim_name": "Ankit Sheikh",
      "location": "Jhansi, Bundelkhand",
      "court_type": "Magistrate Court"
    },
    {
      "fir_number": "PUB019/2021",
      "year": 2024,
      "accused_name": "Rashmi Singh",
      "victim_name": "Deepak Yadav",
      "location": "Ahmedabad, Maninagar",
      "court_type": "Family Court"
    },
    {
      "fir_number": "PUB020/2022",
      "year": 2023,
      "accused_name": "Vikas Sheikh",
      "victim_name": "Ravi Yadav",
      "location": "Hyderabad, Gachibowli",
      "court_type": "NDPS Court"
    }
  ],
  "Online Scam": [
    {
      "fir_number": "ONL001/2024",
      "year": 2023,
      "accused_name": "Ajay Sen",
      "victim_name": "Meena Iyer",
      "location": "Noida, Sector 62",
      "court_type": "District Court"
    },
    {
      "fir_number": "ONL002/2021",
      "year": 2021,
      "accused_name": "Kunal Rawat",
      "victim_name": "Meena Verma",
      "location": "Bhopal, TT Nagar",
      "court_type": "District Court"
    },
    {
      "fir_number": "ONL003/2021",
      "year": 2023,
      "accused_name": "Sohan Joshi",
      "victim_name": "Vikas Sen",
      "location": "Jaipur, Mansarovar",
      "court_type": "Municipal Court"
    },
    {
      "fir_number": "ONL004/2021",
      "year": 2021,
      "accused_name": "Ankit Joshi",
      "victim_name": "Vikas Bedi",
      "location": "Surat, Varachha",
      "court_type": "NDPS Court"
    },
    {
      "fir_number": "ONL005/2022",
      "year": 2022,
      "accused_name": "Ravi Rana",
      "victim_name": "Priya Iyer",
      "location": "Ranchi, Harmu",
      "court_type": "Sessions Court"
    },
    {
      "fir_number": "ONL006/2022",
      "year": 2022,
      "accused_name": "Rahul Thakur",
      "victim_name": "Meena Sen",
      "location": "Goa, Panaji",
      "court_type": "Cyber Crime Court"
    },
    {
      "fir_number": "ONL007/2022",
      "year": 2022,
      "accused_name": "Savita Kumar",
      "victim_name": "Arjun Tiwari",
      "location": "Patna, Kankarbagh",
      "court_type": "Family Court"
    },
    {
      "fir_number": "ONL008/2024",
      "year": 2022,
      "accused_name": "Vikas Bedi",
      "victim_name": "Kunal Joshi",
      "location": "Hyderabad, Gachibowli",
      "court_type": "Fast Track Court"
    },
    {
      "fir_number": "ONL009/2023",
      "year": 2024,
      "accused_name": "Arjun Tiwari",
      "victim_name": "Priya Rawat",
      "location": "Noida, Sector 62",
      "court_type": "Family Court"
    },
    {
      "fir_number": "ONL010/2024",
      "year": 2024,
      "accused_name": "Vikas Yadav",
      "victim_name": "Meena Verma",
      "location": "Mumbai, Andheri",
      "court_type": "Economic Offenses Court"
    },
    {
      "fir_number": "ONL011/2022",
      "year": 2023,
      "accused_name": "Karan Tiwari",
      "victim_name": "Amit Joshi",
      "location": "Ranchi, Harmu",
      "court_type": "Economic Offenses Court"
    },
    {
      "fir_number": "ONL012/2021",
      "year": 2023,
      "accused_name": "Ankit Bedi",
      "victim_name": "Mohit Rawat",
      "location": "Ranchi, Harmu",
      "court_type": "Sessions Court"
    },
    {
      "fir_number": "ONL013/2024",
      "year": 2022,
      "accused_name": "Rashmi Rana",
      "victim_name": "Arjun Mehta",
      "location": "Jaipur, Mansarovar",
      "court_type": "Family Court"
    },
    {
      "fir_number": "ONL014/2021",
      "year": 2022,
      "accused_name": "Vikas Verma",
      "victim_name": "Meena Iyer",
      "location": "Lucknow, Alambagh",
      "court_type": "Municipal Court"
    },
    {
      "fir_number": "ONL015/2021",
      "year": 2023,
      "accused_name": "Mohit Dube",
      "victim_name": "Vikas Sheikh",
      "location": "Mumbai, Andheri",
      "court_type": "Anti-Corruption Court"
    },
    {
      "fir_number": "ONL016/2022",
      "year": 2022,
      "accused_name": "Imran Sharma",
      "victim_name": "Rahul Iyer",
      "location": "Bhopal, TT Nagar",
      "court_type": "Juvenile Court"
    },
    {
      "fir_number": "ONL017/2021",
      "year": 2023,
      "accused_name": "Rashmi Yadav",
      "victim_name": "Savita Lal",
      "location": "Nagpur, Sitabuldi",
      "court_type": "Municipal Court"
    },
    {
      "fir_number": "ONL018/2021",
      "year": 2023,
      "accused_name": "Savita Joshi",
      "victim_name": "Vinay Tiwari",
      "location": "Chandigarh, Sector 22",
      "court_type": "Economic Offenses Court"
    },
    {
      "fir_number": "ONL019/2024",
      "year": 2024,
      "accused_name": "Karan Mehta",
      "victim_name": "Naresh Singh",
      "location": "Pune, Shivaji Nagar",
      "court_type": "Environment Court"
    },
    {
      "fir_number": "ONL020/2022",
      "year": 2022,
      "accused_name": "Sohan Joshi",
      "victim_name": "Amit Singh",
      "location": "Coimbatore, RS Puram",
      "court_type": "Municipal Court"
    }
  ],
  "Property Dispute": [
    {
      "fir_number": "PRO001/2021",
      "year": 2023,
      "accused_name": "Ajay Tiwari",
      "victim_name": "Naresh Mehta",
      "location": "Jhansi, Bundelkhand",
      "court_type": "Economic Offenses Court"
    },
    {
      "fir_number": "PRO002/2023",
      "year": 2023,
      "accused_name": "Deepak Lal",
      "victim_name": "Amit Thakur",
      "location": "Ranchi, Harmu",
      "court_type": "Anti-Corruption Court"
    },
    {
      "fir_number": "PRO003/2024",
      "year": 2023,
      "accused_name": "Amit Tiwari",
      "victim_name": "Kunal Bedi",
      "location": "Jhansi, Bundelkhand",
      "court_type": "NDPS Court"
    },
    {
      "fir_number": "PRO004/2021",
      "year": 2021,
      "accused_name": "Vinay Bedi",
      "victim_name": "Rashmi Thakur",
      "location": "Delhi, Rohini",
      "court_type": "Family Court"
    },
    {
      "fir_number": "PRO005/2022",
      "year": 2022,
      "accused_name": "Sohan Mehta",
      "victim_name": "Sunita Bedi",
      "location": "Coimbatore, RS Puram",
      "court_type": "Sessions Court"
    },
    {
      "fir_number": "PRO006/2024",
      "year": 2024,
      "accused_name": "Karan Thakur",
      "victim_name": "Priya Agarwal",
      "location": "Chandigarh, Sector 22",
      "court_type": "District Court"
    },
    {
      "fir_number": "PRO007/2024",
      "year": 2024,
      "accused_name": "Vinay Iyer",
      "victim_name": "Sunita Agarwal",
      "location": "Mumbai, Andheri",
      "court_type": "Juvenile Court"
    },
    {
      "fir_number": "PRO008/2023",
      "year": 2022,
      "accused_name": "Ravi Dube",
      "victim_name": "Imran Verma",
      "location": "Hyderabad, Gachibowli",
      "court_type": "NDPS Court"
    },
    {
      "fir_number": "PRO009/2022",
      "year": 2022,
      "accused_name": "Vikas Thakur",
      "victim_name": "Deepak Malhotra",
      "location": "Jhansi, Bundelkhand",
      "court_type": "Cyber Crime Court"
    },
    {
      "fir_number": "PRO010/2023",
      "year": 2021,
      "accused_name": "Rahul Joshi",
      "victim_name": "Karan Agarwal",
      "location": "Kolkata, Salt Lake",
      "court_type": "Anti-Corruption Court"
    },
    {
      "fir_number": "PRO011/2022",
      "year": 2021,
      "accused_name": "Vinay Malhotra",
      "victim_name": "Meena Agarwal",
      "location": "Surat, Varachha",
      "court_type": "Fast Track Court"
    },
    {
      "fir_number": "PRO012/2021",
      "year": 2022,
      "accused_name": "Mohit Rana",
      "victim_name": "Meena Joshi",
      "location": "Chennai, Velachery",
      "court_type": "Economic Offenses Court"
    },
    {
      "fir_number": "PRO013/2021",
      "year": 2021,
      "accused_name": "Sohan Sen",
      "victim_name": "Ankit Sen",
      "location": "Jhansi, Bundelkhand",
      "court_type": "Family Court"
    },
    {
      "fir_number": "PRO014/2023",
      "year": 2022,
      "accused_name": "Ankit Sinha",
      "victim_name": "Deepak Agarwal",
      "location": "Lucknow, Alambagh",
      "court_type": "District Court"
    },
    {
      "fir_number": "PRO015/2023",
      "year": 2021,
      "accused_name": "Ankit Thakur",
      "victim_name": "Vikas Verma",
      "location": "Ahmedabad, Maninagar",
      "court_type": "Municipal Court"
    },
    {
      "fir_number": "PRO016/2021",
      "year": 2022,
      "accused_name": "Naresh Sheikh",
      "victim_name": "Sohan Bedi",
      "location": "Nagpur, Sitabuldi",
      "court_type": "Magistrate Court"
    },
    {
      "fir_number": "PRO017/2021",
      "year": 2021,
      "accused_name": "Rashmi Agarwal",
      "victim_name": "Imran Sinha",
      "location": "Chandigarh, Sector 22",
      "court_type": "Juvenile Court"
    },
    {
      "fir_number": "PRO018/2021",
      "year": 2024,
      "accused_name": "Ravi Sen",
      "victim_name": "Karan Rawat",
      "location": "Lucknow, Alambagh",
      "court_type": "Magistrate Court"
    },
    {
      "fir_number": "PRO019/2021",
      "year": 2024,
      "accused_name": "Sunita Sharma",
      "victim_name": "Rashmi Iyer",
      "location": "Goa, Panaji",
      "court_type": "Magistrate Court"
    },
    {
      "fir_number": "PRO020/2021",
      "year": 2024,
      "accused_name": "Sunita Iyer",
      "victim_name": "Ankit Thakur",
      "location": "Delhi, Rohini",
      "court_type": "District Court"
    }
  ]
}