[
    {
        "Serial Number":1,
        "Case Type\/Case Number\/Case Year":"L.A.C.\/103\/2023",
        "Petitioner versus Respondent":"Jagadevi W\/o Sharanappa  Versus The Special Land acquisition Officer Karanja Project Bidar."
    },
    {
        "Serial Number":2,
        "Case Type\/Case Number\/Case Year":"L.A.C.\/102\/2023",
        "Petitioner versus Respondent":"Narendra S\/o Nagashetty  Versus Land Acquisition Officer Karanja Project Bidar"
    },
    {
        "Serial Number":3,
        "Case Type\/Case Number\/Case Year":"L.A.C.\/101\/2023",
        "Petitioner versus Respondent":"Shaikh Ameeruddin S\/o Shaikh Chandsab  Versus Land Acquisition Officer KP Bidar"
    },
    {
        "Serial Number":4,
        "Case Type\/Case Number\/Case Year":"L.A.C.\/100\/2023",
        "Petitioner versus Respondent":"Premala W\/o Narendra Bettada  Versus Land Acquisition Officer Karanja Project Bidar"
    },
    {
        "Serial Number":5,
        "Case Type\/Case Number\/Case Year":"L.A.C.\/99\/2023",
        "Petitioner versus Respondent":"Sangamma W\/o Late Shivaraj Nelage  Versus Land Acquisition Officer Karanja Project Bidar"
    },
    {
        "Serial Number":6,
        "Case Type\/Case Number\/Case Year":"L.A.C.\/98\/2023",
        "Petitioner versus Respondent":"Neminath S\/o Manikappa Sonkeri  Versus Special Land Acquisition Officer Karanja Project Bidar."
    },
    {
        "Serial Number":7,
        "Case Type\/Case Number\/Case Year":"L.A.C.\/97\/2023",
        "Petitioner versus Respondent":"Veeresh S\/o Nagashetty  Versus Special Land Acquisition Officer Karanja Project Bidar."
    },
    {
        "Serial Number":8,
        "Case Type\/Case Number\/Case Year":"L.A.C.\/96\/2023",
        "Petitioner versus Respondent":"Maruti S\/o Ramanna Shastri By Lrs Chandramma W\/o Maruti  Versus Special Land Acquisition Officer Karanja Project Bidar."
    },
    {
        "Serial Number":9,
        "Case Type\/Case Number\/Case Year":"L.A.C.\/95\/2023",
        "Petitioner versus Respondent":"Narendra S\/o Vaijinath Patil  Versus Special Land Acquisition Officer Karanja Project Bidar."
    },
    {
        "Serial Number":10,
        "Case Type\/Case Number\/Case Year":"L.A.C.\/94\/2023",
        "Petitioner versus Respondent":"Balabheem S\/o Zareppa Gandgai  Versus Special Land Acquisition Officer Karanja Project Bidar.Special Land Acquisition Officer Karanja Pro"
    },
    {
        "Serial Number":11,
        "Case Type\/Case Number\/Case Year":"L.A.C.\/93\/2023",
        "Petitioner versus Respondent":"Sumitrabai W\/o Karbassayya Mathapati  Versus Special Land Acquisition Officer Karanja Project Bidar."
    },
    {
        "Serial Number":12,
        "Case Type\/Case Number\/Case Year":"L.A.C.\/92\/2023",
        "Petitioner versus Respondent":"Laxman S\/o Jyotiram Malibiradar  Versus Special Land Acquisition Officer Karanja Project Bidar."
    },
    {
        "Serial Number":13,
        "Case Type\/Case Number\/Case Year":"L.A.C.\/91\/2023",
        "Petitioner versus Respondent":"Ramesh S\/o Narayanrao Vagadale  Versus Special Land Acquisition Officer Karanja Project Bidar."
    },
    {
        "Serial Number":14,
        "Case Type\/Case Number\/Case Year":"L.A.C.\/90\/2023",
        "Petitioner versus Respondent":"Mallamma W\/o Gundappa  Versus Special Land Acquisition Officer Karanja Project Bidar.Special Land Acquisition Officer Karanja Pro"
    },
    {
        "Serial Number":15,
        "Case Type\/Case Number\/Case Year":"L.A.C.\/89\/2023",
        "Petitioner versus Respondent":"Shivaraj S\/o Huleppa Gaya  Versus Special Land Acquisition Officer Karanja Project Bidar."
    },
    {
        "Serial Number":16,
        "Case Type\/Case Number\/Case Year":"L.A.C.\/88\/2023",
        "Petitioner versus Respondent":"Kasturi W\/o Shivaraj Gaya  Versus Special Land Acquisition Officer Karanja Project Bidar."
    },
    {
        "Serial Number":17,
        "Case Type\/Case Number\/Case Year":"L.A.C.\/87\/2023",
        "Petitioner versus Respondent":"Ratnamma W\/o Manikappa Sonkeri  Versus Special Land Acquisition Officer Karanja Project Bidar."
    },
    {
        "Serial Number":18,
        "Case Type\/Case Number\/Case Year":"L.A.C.\/86\/2023",
        "Petitioner versus Respondent":"Shivaraj S\/o Huleppa Gaya  Versus Special Land Acquisition Officer Karanja Project Bidar."
    },
    {
        "Serial Number":19,
        "Case Type\/Case Number\/Case Year":"L.A.C.\/85\/2023",
        "Petitioner versus Respondent":"Chandrabhag W\/o Gundappa  Versus Special Land Acquisition Officer Karanja Project Bidar."
    },
    {
        "Serial Number":20,
        "Case Type\/Case Number\/Case Year":"L.A.C.\/84\/2023",
        "Petitioner versus Respondent":"Veeresh S\/o Nagashetty  Versus Special Land Acquisition Officer Karanja Project Bidar."
    },
    {
        "Serial Number":21,
        "Case Type\/Case Number\/Case Year":"L.A.C.\/83\/2023",
        "Petitioner versus Respondent":"Maharudra S\/o Vaijinath Patil  Versus Special Land Acquisition Officer Karanja Project Bidar."
    },
    {
        "Serial Number":22,
        "Case Type\/Case Number\/Case Year":"L.A.C.\/82\/2023",
        "Petitioner versus Respondent":"Karbassayya S\/o Gurulingayya Mathapati  Versus Special Land Acquisition Officer Karanja Project Bidar."
    },
    {
        "Serial Number":23,
        "Case Type\/Case Number\/Case Year":"L.A.C.\/81\/2023",
        "Petitioner versus Respondent":"Jagadevi W\/o Manikappa  Versus Special Land Acquisition Officer Karanja Project Bidar."
    },
    {
        "Serial Number":24,
        "Case Type\/Case Number\/Case Year":"L.A.C.\/80\/2023",
        "Petitioner versus Respondent":"Sharanabasappa S\/o Babushetty  Versus Special Land Acquisition Officer Karanja Project Bidar."
    },
    {
        "Serial Number":25,
        "Case Type\/Case Number\/Case Year":"L.A.C.\/79\/2023",
        "Petitioner versus Respondent":"Somshekhar S\/o Manikappa  Versus Special Land Acquisition Officer Karanja Project Bidar."
    },
    {
        "Serial Number":26,
        "Case Type\/Case Number\/Case Year":"L.A.C.\/78\/2023",
        "Petitioner versus Respondent":"Veershetty S\/o Babshetty  Versus Special Land Acquisition Officer Karanja Project Bidar."
    },
    {
        "Serial Number":27,
        "Case Type\/Case Number\/Case Year":"L.A.C.\/77\/2023",
        "Petitioner versus Respondent":"Kedarnath S\/o Shivpurtrappa  Versus Special Land Acquisition Officer Karanja Project Bidar."
    },
    {
        "Serial Number":28,
        "Case Type\/Case Number\/Case Year":"L.A.C.\/76\/2023",
        "Petitioner versus Respondent":"Srimanthrao S\/o Veershetty  Versus Special Land Acquisition Officer Karanja Project Bidar."
    },
    {
        "Serial Number":29,
        "Case Type\/Case Number\/Case Year":"L.A.C.\/75\/2023",
        "Petitioner versus Respondent":"Annapurna W\/o Shivaputrappa  Versus Special Land Acquisition Officer Karanja Project Bidar."
    },
    {
        "Serial Number":30,
        "Case Type\/Case Number\/Case Year":"L.A.C.\/74\/2023",
        "Petitioner versus Respondent":"Veershetty S\/o Gundappa  Versus Special Land Acquisition Officer Karanja Project Bidar."
    },
    {
        "Serial Number":31,
        "Case Type\/Case Number\/Case Year":"L.A.C.\/73\/2023",
        "Petitioner versus Respondent":"Sharanappa S\/o Mallikarjun  Versus Special Land Acquisition Officer Karanja Project Bidar."
    },
    {
        "Serial Number":32,
        "Case Type\/Case Number\/Case Year":"L.A.C.\/72\/2023",
        "Petitioner versus Respondent":"Ali Ahemad S\/o Fakir Ahemad  Versus Special Land Acquisition Officer Karanja Project Bidar."
    },
    {
        "Serial Number":33,
        "Case Type\/Case Number\/Case Year":"L.A.C.\/71\/2023",
        "Petitioner versus Respondent":"Anneppa S\/o Basappa  Versus Special Land Acquisition Officer Karanja Project Bidar."
    },
    {
        "Serial Number":34,
        "Case Type\/Case Number\/Case Year":"L.A.C.\/70\/2023",
        "Petitioner versus Respondent":"Babu S\/o Manikappa Tippashetty  Versus Special Land Acquisition Officer Karanja Project Bidar."
    },
    {
        "Serial Number":35,
        "Case Type\/Case Number\/Case Year":"L.A.C.\/69\/2023",
        "Petitioner versus Respondent":"Maruti S\/o Dasharath  Versus Special Land Acquisition Officer Karanja Project Bidar."
    },
    {
        "Serial Number":36,
        "Case Type\/Case Number\/Case Year":"L.A.C.\/68\/2023",
        "Petitioner versus Respondent":"Subhash S\/o Madeppa  Versus Special Land Acquisition Officer Karanja Project Bidar."
    },
    {
        "Serial Number":37,
        "Case Type\/Case Number\/Case Year":"L.A.C.\/67\/2023",
        "Petitioner versus Respondent":"Dasharath S\/o Mallappa  Versus Special Land Acquisition Officer Karanja Project Bidar."
    },
    {
        "Serial Number":38,
        "Case Type\/Case Number\/Case Year":"L.A.C.\/66\/2023",
        "Petitioner versus Respondent":"Ambika W\/o Suryakanth  Versus Special Land Acquisition Officer Karanja Project Bidar."
    },
    {
        "Serial Number":39,
        "Case Type\/Case Number\/Case Year":"L.A.C.\/65\/2023",
        "Petitioner versus Respondent":"Abdulsab S\/o Jaffar Patel  Versus Special Land Acquisition Officer Karanja Project Bidar."
    },
    {
        "Serial Number":40,
        "Case Type\/Case Number\/Case Year":"L.A.C.\/64\/2023",
        "Petitioner versus Respondent":"Shivkumar S\/o Siddappa  Versus Special Land Acquisition Officer Karanja Project Bidar."
    },
    {
        "Serial Number":41,
        "Case Type\/Case Number\/Case Year":"L.A.C.\/63\/2023",
        "Petitioner versus Respondent":"Manik S\/o Eranna  Versus Special Land Acquisition Officer Karanja Project Bidar."
    },
    {
        "Serial Number":42,
        "Case Type\/Case Number\/Case Year":"L.A.C.\/62\/2023",
        "Petitioner versus Respondent":"Robin S\/o Adeeppa  Versus Special Land Acquisition Officer Karanja Project Bidar."
    },
    {
        "Serial Number":43,
        "Case Type\/Case Number\/Case Year":"L.A.C.\/61\/2023",
        "Petitioner versus Respondent":"Saleha Sultana W\/o Sayed Yusuf  Versus Special Land Acquisition Officer Karanja Project Bidar."
    },
    {
        "Serial Number":44,
        "Case Type\/Case Number\/Case Year":"L.A.C.\/60\/2023",
        "Petitioner versus Respondent":"Somanath S\/o Revappa  Versus Special Land Acquisition Officer Karanja Project Bidar."
    },
    {
        "Serial Number":45,
        "Case Type\/Case Number\/Case Year":"L.A.C.\/59\/2023",
        "Petitioner versus Respondent":"Sharanappa S\/o Prabhurao  Versus Special Land Acquisition Officer Karanja Project Bidar."
    },
    {
        "Serial Number":46,
        "Case Type\/Case Number\/Case Year":"L.A.C.\/58\/2023",
        "Petitioner versus Respondent":"Vijaykumar S\/o Yallappa  Versus Special Land Acquisition Officer Karanja Project Bidar."
    },
    {
        "Serial Number":47,
        "Case Type\/Case Number\/Case Year":"L.A.C.\/57\/2023",
        "Petitioner versus Respondent":"Sanju S\/o Tukaram  Versus Special Land Acquisition Officer Karanja Project Bidar."
    },
    {
        "Serial Number":48,
        "Case Type\/Case Number\/Case Year":"L.A.C.\/56\/2023",
        "Petitioner versus Respondent":"Shivaraya died by his Lrs Sushilabai W\/o Shivaraya  Versus Special Land Acquisition Officer Karanja Project Bidar."
    },
    {
        "Serial Number":49,
        "Case Type\/Case Number\/Case Year":"L.A.C.\/55\/2023",
        "Petitioner versus Respondent":"Manik S\/o Eranna  Versus Special Land Acquisition Officer Karanja Project Bidar."
    },
    {
        "Serial Number":50,
        "Case Type\/Case Number\/Case Year":"L.A.C.\/54\/2023",
        "Petitioner versus Respondent":"Laxmibai W\/o Vaijinath Hugar  Versus Special Land Acquisition Officer Karanja Project Bidar."
    },
    {
        "Serial Number":51,
        "Case Type\/Case Number\/Case Year":"L.A.C.\/53\/2023",
        "Petitioner versus Respondent":"Vinodkumar S\/o Muttanna  Versus Special Land Acquisition Officer Karanja Project Bidar."
    },
    {
        "Serial Number":52,
        "Case Type\/Case Number\/Case Year":"L.A.C.\/52\/2023",
        "Petitioner versus Respondent":"Apparo S\/o Sakaram panth  Versus The State of Karnataka, through The Deputy Commissioner Bidar"
    },
    {
        "Serial Number":53,
        "Case Type\/Case Number\/Case Year":"L.A.C.\/51\/2023",
        "Petitioner versus Respondent":"Shankar S\/o Siddappa  Versus Special Land Acquisition Officer Bidar."
    },
    {
        "Serial Number":54,
        "Case Type\/Case Number\/Case Year":"L.A.C.\/50\/2023",
        "Petitioner versus Respondent":"Kallappa S\/o Siddappa  Versus The Special Land Acquisition Officer Bidar"
    },
    {
        "Serial Number":55,
        "Case Type\/Case Number\/Case Year":"L.A.C.\/49\/2023",
        "Petitioner versus Respondent":"Manikrao S\/o Vithalrao age 46 yrs occu Agriculture  Versus The State of Karnataka, through the Special Land Acquisition Officer KP Bidar."
    },
    {
        "Serial Number":56,
        "Case Type\/Case Number\/Case Year":"L.A.C.\/48\/2023",
        "Petitioner versus Respondent":"Sher Khan S\/o Mainuddin  Versus The State of Karnataka, through the Special Land Acquisition Officer KP Bidar."
    },
    {
        "Serial Number":57,
        "Case Type\/Case Number\/Case Year":"L.A.C.\/47\/2023",
        "Petitioner versus Respondent":"Vaijinath S\/o Kallappa age 70 yrs  Versus The State of Karnataka, through the Special Land Acquisition Officer KP Bidar."
    },
    {
        "Serial Number":58,
        "Case Type\/Case Number\/Case Year":"L.A.C.\/46\/2023",
        "Petitioner versus Respondent":"1-  Tukaram S\/o Arjun  aged 33 yrs  Versus The State of Karnataka, through the Special Land Acquisition Officer KP Bidar."
    },
    {
        "Serial Number":59,
        "Case Type\/Case Number\/Case Year":"L.A.C.\/45\/2023",
        "Petitioner versus Respondent":"Tukaram S\/o Arjun @ Arjun Rao  Versus The State of Karnataka, through the Special Land Acquisition Officer KP Bidar."
    },
    {
        "Serial Number":60,
        "Case Type\/Case Number\/Case Year":"L.A.C.\/44\/2023",
        "Petitioner versus Respondent":"Lalappa S\/o Ismailappa Died by Lrs Rangamma W\/o Lalappa  Versus The State of Karnataka, through the Special Land Acquisition Officer KP Bidar."
    },
    {
        "Serial Number":61,
        "Case Type\/Case Number\/Case Year":"L.A.C.\/43\/2023",
        "Petitioner versus Respondent":"Ramanna S\/o Hussaini @ Husenappa Died by Lrs Dayanand S\/o Ramanna  Versus The State of Karnataka, through the Special Land Acquisition Officer KP Bidar."
    },
    {
        "Serial Number":62,
        "Case Type\/Case Number\/Case Year":"L.A.C.\/42\/2023",
        "Petitioner versus Respondent":"Basvanappa S\/o Late Shankreppa  Versus State of Karnataka through Special Land Acquisition Officer KP Bidar.,"
    },
    {
        "Serial Number":63,
        "Case Type\/Case Number\/Case Year":"L.A.C.\/41\/2023",
        "Petitioner versus Respondent":"Laximan S\/o Gangaram  Versus State of Karnataka through Special Land Acquisition Officer KP Bidar.,"
    },
    {
        "Serial Number":64,
        "Case Type\/Case Number\/Case Year":"L.A.C.\/40\/2023",
        "Petitioner versus Respondent":"Manik S\/o Ramanna  Versus State of Karnataka through Special Land Acquisition Officer KP Bidar.,"
    },
    {
        "Serial Number":65,
        "Case Type\/Case Number\/Case Year":"L.A.C.\/39\/2023",
        "Petitioner versus Respondent":"Sakaram S\/o Yallappa Died by Lrs Sripati S\/o Late Sakaram  Versus State of Karnataka through Special Land Acquisition Officer KP Bidar.,"
    },
    {
        "Serial Number":66,
        "Case Type\/Case Number\/Case Year":"L.A.C.\/38\/2023",
        "Petitioner versus Respondent":"Bhimanna S\/o Yallappa  Versus State of Karnataka through Special Land Acquisition Officer KP Bidar.,"
    },
    {
        "Serial Number":67,
        "Case Type\/Case Number\/Case Year":"L.A.C.\/37\/2023",
        "Petitioner versus Respondent":"Khaja Bee W\/o babumiyyan  Versus State of Karnataka through Special Land Acquisition Officer KP Bidar.,"
    },
    {
        "Serial Number":68,
        "Case Type\/Case Number\/Case Year":"L.A.C.\/36\/2023",
        "Petitioner versus Respondent":"Bhimanna S\/o Yallappa  Versus State of Karnataka through Special Land Acquisition Officer KP Bidar.,"
    },
    {
        "Serial Number":69,
        "Case Type\/Case Number\/Case Year":"L.A.C.\/35\/2023",
        "Petitioner versus Respondent":"Ganapati S\/o Ambaji  Versus State of Karnataka through Special Land Acquisition Officer KP Bidar.,"
    },
    {
        "Serial Number":70,
        "Case Type\/Case Number\/Case Year":"L.A.C.\/34\/2023",
        "Petitioner versus Respondent":"Ganpati S\/o Ambaji  Versus State of Karnataka through Special Land Acquisition Officer KP Bidar.,"
    },
    {
        "Serial Number":71,
        "Case Type\/Case Number\/Case Year":"L.A.C.\/33\/2023",
        "Petitioner versus Respondent":"Laximan S\/o Sharanappa  Versus State of Karnataka through Special Land Acquisition Officer KP Bidar.,"
    },
    {
        "Serial Number":72,
        "Case Type\/Case Number\/Case Year":"L.A.C.\/32\/2023",
        "Petitioner versus Respondent":"Ghaleppa S\/o Ismail  Versus State of Karnataka through Special Land Acquisition Officer KP Bidar.,"
    },
    {
        "Serial Number":73,
        "Case Type\/Case Number\/Case Year":"L.A.C.\/31\/2023",
        "Petitioner versus Respondent":"Laximan S\/o Gangaram Kole  Versus State of Karnataka through Special Land Acquisition Officer KP Bidar.,"
    },
    {
        "Serial Number":74,
        "Case Type\/Case Number\/Case Year":"L.A.C.\/30\/2023",
        "Petitioner versus Respondent":"Lokesh S\/o Deshmukh  Versus State of Karnataka through Special Land Acquisition Officer KP Bidar.,"
    },
    {
        "Serial Number":75,
        "Case Type\/Case Number\/Case Year":"L.A.C.\/29\/2023",
        "Petitioner versus Respondent":"Huleppa S\/o Tukaram  Versus State of Karnataka through Special Land Acquisition Officer KP Bidar.,"
    },
    {
        "Serial Number":76,
        "Case Type\/Case Number\/Case Year":"L.A.C.\/28\/2023",
        "Petitioner versus Respondent":"Lalu S\/o Laxman  Versus State of Karnataka through Special Land Acquisition Officer KP Bidar.,"
    },
    {
        "Serial Number":77,
        "Case Type\/Case Number\/Case Year":"L.A.C.\/27\/2023",
        "Petitioner versus Respondent":"Paramma W\/o Zatteppa  Versus State of Karnataka through Special Land Acquisition Officer KP Bidar.,"
    },
    {
        "Serial Number":78,
        "Case Type\/Case Number\/Case Year":"L.A.C.\/26\/2023",
        "Petitioner versus Respondent":"Sakaram S\/o Yallappa Died by Lrs Sripati S\/o Late Sakaram  Versus State of Karnataka through Special Land Acquisition Officer KP Bidar.,"
    },
    {
        "Serial Number":79,
        "Case Type\/Case Number\/Case Year":"L.A.C.\/25\/2023",
        "Petitioner versus Respondent":"Sakaram S\/o Yallappa Died by Lrs Sripati S\/o Late Sakaram  Versus State of Karnataka through Special Land Acquisition Officer KP Bidar.,"
    },
    {
        "Serial Number":80,
        "Case Type\/Case Number\/Case Year":"L.A.C.\/24\/2023",
        "Petitioner versus Respondent":"Bhimanna S\/o Yallappa  Versus State of Karnataka through Special Land Acquisition Officer KP Bidar.,"
    },
    {
        "Serial Number":81,
        "Case Type\/Case Number\/Case Year":"L.A.C.\/23\/2023",
        "Petitioner versus Respondent":"Apparao S\/o Sakaram Panth  Versus Land Acquisition Officer, Karanja Project Bidar."
    },
    {
        "Serial Number":82,
        "Case Type\/Case Number\/Case Year":"L.A.C.\/22\/2023",
        "Petitioner versus Respondent":"Shah Ishaq Quadri S\/o Shah Abdul Khadar Quadri.,  Versus Special Land Acquisition Officer., Karanja Project Bidar.,"
    },
    {
        "Serial Number":83,
        "Case Type\/Case Number\/Case Year":"L.A.C.\/21\/2023",
        "Petitioner versus Respondent":"Shah Ishaq Quadri S\/o Shah Abdul Quadri  Versus Special Land Acquisition Officer., Karanja Project Bidar.,"
    },
    {
        "Serial Number":84,
        "Case Type\/Case Number\/Case Year":"L.A.C.\/20\/2023",
        "Petitioner versus Respondent":"Abjal Begum W\/o Late Sayed Sultan Ali  Versus Special Land Acquisition Officer, Karanaja Project Bidar.,"
    },
    {
        "Serial Number":85,
        "Case Type\/Case Number\/Case Year":"L.A.C.\/19\/2023",
        "Petitioner versus Respondent":"Lal Mohammed S\/o Abdul Aziz  Versus Special Land Acquisition Officer, Karanaja Project Bidar.,"
    },
    {
        "Serial Number":86,
        "Case Type\/Case Number\/Case Year":"L.A.C.\/18\/2023",
        "Petitioner versus Respondent":"Sayed Sardar S\/o Late Sayed Mamud Ali  Versus Special Land Acquisition Officer, Karanaja Project Bidar.,"
    },
    {
        "Serial Number":87,
        "Case Type\/Case Number\/Case Year":"L.A.C.\/17\/2023",
        "Petitioner versus Respondent":"Tanuja Begum W\/o Late Sayed Nasiruddin  Versus Special Land Acquisition Officer, Karanaja Project Bidar.,"
    },
    {
        "Serial Number":88,
        "Case Type\/Case Number\/Case Year":"L.A.C.\/16\/2023",
        "Petitioner versus Respondent":"Khaja Begum W\/o Sayed Jafar Ali  Versus Special Land Acquisition Officer, Karanaja Project Bidar.,"
    },
    {
        "Serial Number":89,
        "Case Type\/Case Number\/Case Year":"L.A.C.\/15\/2023",
        "Petitioner versus Respondent":"Dattukumar S\/o Late Dhulappa  Versus Special Land Acquisition Officer, Karanaja Project Bidar.,"
    },
    {
        "Serial Number":90,
        "Case Type\/Case Number\/Case Year":"L.A.C.\/14\/2023",
        "Petitioner versus Respondent":"Adeppa S\/o Maruteappa  Versus The Special Land Acquisiton Officer Bidar.,"
    },
    {
        "Serial Number":91,
        "Case Type\/Case Number\/Case Year":"L.A.C.\/13\/2023",
        "Petitioner versus Respondent":"Veershetty S\/o Shankerappa  Versus The Special Land Acquisiton Officer Bidar.,"
    },
    {
        "Serial Number":92,
        "Case Type\/Case Number\/Case Year":"L.A.C.\/12\/2023",
        "Petitioner versus Respondent":"Deepak S\/o Kashiram  Versus The Special Land Acquisiton Officer Bidar.,"
    },
    {
        "Serial Number":93,
        "Case Type\/Case Number\/Case Year":"L.A.C.\/11\/2023",
        "Petitioner versus Respondent":"Tukaram S\/o Erappa Died by Lrs Umesh  Versus The Special Land Acquisiton Officer Bidar.,"
    },
    {
        "Serial Number":94,
        "Case Type\/Case Number\/Case Year":"L.A.C.\/10\/2023",
        "Petitioner versus Respondent":"Ratnamma W\/o Manik @ Manikappa  Versus Special Land Acquisition Officer Karanja Project Bidar.,"
    },
    {
        "Serial Number":95,
        "Case Type\/Case Number\/Case Year":"L.A.C.\/9\/2023",
        "Petitioner versus Respondent":"Arjun S\/o Bheema Died by Lrs Basappa  Versus Special Land Acquisition Officer Karanja Project Bidar.,"
    },
    {
        "Serial Number":96,
        "Case Type\/Case Number\/Case Year":"L.A.C.\/8\/2023",
        "Petitioner versus Respondent":"Lakshya @ Laxman S\/o Lalya @ Lalappa  Versus Special Land Acquisition Officer Karanja Project Bidar.,"
    },
    {
        "Serial Number":97,
        "Case Type\/Case Number\/Case Year":"L.A.C.\/7\/2023",
        "Petitioner versus Respondent":"Pundalik S\/o Shivappa  Versus Special Land Acquisition Officer Karanja Project Bidar.,"
    },
    {
        "Serial Number":98,
        "Case Type\/Case Number\/Case Year":"L.A.C.\/4\/2023",
        "Petitioner versus Respondent":"Bakkappa S\/o Shivarama  Versus Special Land Acquisition Officer Karanja Project Bidar.,"
    },
    {
        "Serial Number":99,
        "Case Type\/Case Number\/Case Year":"L.A.C.\/64\/2024",
        "Petitioner versus Respondent":"Punyavathi W\/o Manik Anna  Versus SPL. LAND ACQUISITION OFFICE KARNAJA PROJECT BIDAR"
    },
    {
        "Serial Number":100,
        "Case Type\/Case Number\/Case Year":"L.A.C.\/63\/2024",
        "Petitioner versus Respondent":"Savitrabai Died by Lrs Basawaraj S\/o Kashinath  Versus SPL. LAND ACQUISITION OFFICE KARNAJA PROJECT BIDAR"
    },
    {
        "Serial Number":101,
        "Case Type\/Case Number\/Case Year":"L.A.C.\/62\/2024",
        "Petitioner versus Respondent":"Nikhita D\/o Late Neelkanth W\/o Sachin Patil  Versus SPL. LAND ACQUISITION OFFICE KARNAJA PROJECT BIDAR"
    },
    {
        "Serial Number":102,
        "Case Type\/Case Number\/Case Year":"L.A.C.\/61\/2024",
        "Petitioner versus Respondent":"Bheemsha @ Bhimanna S\/o Nagshetty @ Nagappa  Versus SPL. LAND ACQUISITION OFFICE KARNAJA PROJECT BIDAR"
    },
    {
        "Serial Number":103,
        "Case Type\/Case Number\/Case Year":"L.A.C.\/60\/2024",
        "Petitioner versus Respondent":"Neelamma S\/o Shivaray  Versus SPL. LAND ACQUISITION OFFICE KARNAJA PROJECT BIDAR"
    },
    {
        "Serial Number":104,
        "Case Type\/Case Number\/Case Year":"L.A.C.\/59\/2024",
        "Petitioner versus Respondent":"Premala W\/o Late Rajkumar  Versus SPL. LAND ACQUISITION OFFICE KARNAJA PROJECT BIDAR"
    },
    {
        "Serial Number":105,
        "Case Type\/Case Number\/Case Year":"L.A.C.\/58\/2024",
        "Petitioner versus Respondent":"Madeppa S\/o Shernappa Kotmbre  Versus SPL. LAND ACQUISITION OFFICE KARNAJA PROJECT BIDAR"
    },
    {
        "Serial Number":106,
        "Case Type\/Case Number\/Case Year":"L.A.C.\/57\/2024",
        "Petitioner versus Respondent":"Ahemad Pasha  Versus SPL. LAND ACQUISITION OFFICE KARNAJA PROJECT BIDAR"
    },
    {
        "Serial Number":107,
        "Case Type\/Case Number\/Case Year":"L.A.C.\/56\/2024",
        "Petitioner versus Respondent":"Ramesh S\/o Veershetty Kodmble  Versus SPL. LAND ACQUISITION OFFICE KARNAJA PROJECT BIDAR"
    },
    {
        "Serial Number":108,
        "Case Type\/Case Number\/Case Year":"L.A.C.\/55\/2024",
        "Petitioner versus Respondent":"Md. Shafi S\/o Yousum Miyan  Versus SPL. LAND ACQUISITION OFFICE KARNAJA PROJECT BIDAR"
    },
    {
        "Serial Number":109,
        "Case Type\/Case Number\/Case Year":"L.A.C.\/54\/2024",
        "Petitioner versus Respondent":"Mainoddin S\/o Late  Abdul Rashed  Versus SPL. LAND ACQUISITION OFFICE KARNAJA PROJECT BIDAR"
    },
    {
        "Serial Number":110,
        "Case Type\/Case Number\/Case Year":"L.A.C.\/53\/2024",
        "Petitioner versus Respondent":"Shivaputra S\/o Veerappa  Versus SPL. LAND ACQUISITION OFFICE KARNAJA PROJECT BIDAR"
    },
    {
        "Serial Number":111,
        "Case Type\/Case Number\/Case Year":"L.A.C.\/52\/2024",
        "Petitioner versus Respondent":"Sangappa S\/o Babu Majage  Versus SPL. LAND ACQUISITION OFFICE KARNAJA PROJECT BIDAR"
    },
    {
        "Serial Number":112,
        "Case Type\/Case Number\/Case Year":"L.A.C.\/51\/2024",
        "Petitioner versus Respondent":"Subhash Died by Lrs. Kalavati Kheni W\/o Late Subhash Kheni  Versus SPL. LAND ACQUISITION OFFICE KARNAJA PROJECT BIDAR"
    },
    {
        "Serial Number":113,
        "Case Type\/Case Number\/Case Year":"L.A.C.\/50\/2024",
        "Petitioner versus Respondent":"Sayad Mirajoddin S\/o Sayad Mainoddin  Versus Special Land Acquisition Officer, Karanja Project Bidar."
    },
    {
        "Serial Number":114,
        "Case Type\/Case Number\/Case Year":"L.A.C.\/49\/2024",
        "Petitioner versus Respondent":"Eramma W\/o Sharanappa  Versus Special Land Acquisition Officer, Karanja Project Bidar."
    },
    {
        "Serial Number":115,
        "Case Type\/Case Number\/Case Year":"L.A.C.\/48\/2024",
        "Petitioner versus Respondent":"Prakash S\/o Bhimrao Kheni  Versus Special Land Acquisition Officer, Karanja Project Bidar."
    },
    {
        "Serial Number":116,
        "Case Type\/Case Number\/Case Year":"L.A.C.\/47\/2024",
        "Petitioner versus Respondent":"Balaji S\/o Nagurao  Versus The Special Land Acquisition Officer Karanja Project"
    },
    {
        "Serial Number":117,
        "Case Type\/Case Number\/Case Year":"L.A.C.\/46\/2024",
        "Petitioner versus Respondent":"Nagappa S\/o Shantappa  Versus The Special Land Acquisition Officer Karanaja Project Bidar."
    },
    {
        "Serial Number":118,
        "Case Type\/Case Number\/Case Year":"L.A.C.\/45\/2024",
        "Petitioner versus Respondent":"Bhojappa S\/o Saibanna  Versus Assistant Commissioner and Land Acquisition Officer Bidar"
    },
    {
        "Serial Number":119,
        "Case Type\/Case Number\/Case Year":"L.A.C.\/44\/2024",
        "Petitioner versus Respondent":"Shamrao @ Shamanna S\/o Shankreppa  Versus The Special Land Acquisition Officer Karanja Project Bidar"
    },
    {
        "Serial Number":120,
        "Case Type\/Case Number\/Case Year":"L.A.C.\/43\/2024",
        "Petitioner versus Respondent":"Lalita Bai W\/o Baburao Katti  Versus The Special Land Acquisition Officer Karanja Project Bidar"
    },
    {
        "Serial Number":121,
        "Case Type\/Case Number\/Case Year":"L.A.C.\/42\/2024",
        "Petitioner versus Respondent":"Suryakanth S\/o Revanappa  Versus The Special Land Acquisition Officer Karanja Project Bidar"
    },
    {
        "Serial Number":122,
        "Case Type\/Case Number\/Case Year":"L.A.C.\/41\/2024",
        "Petitioner versus Respondent":"Subhash S\/o Basappa Gutti  Versus The Special Land Acquisition Officer Karanja Project Bidar"
    },
    {
        "Serial Number":123,
        "Case Type\/Case Number\/Case Year":"L.A.C.\/40\/2024",
        "Petitioner versus Respondent":"Basappa S\/o Mallappa Chatnalli  Versus The Special Land Acquisition Officer Karanja Project Bidar"
    },
    {
        "Serial Number":124,
        "Case Type\/Case Number\/Case Year":"L.A.C.\/39\/2024",
        "Petitioner versus Respondent":"Veersangappa S\/o Manikrao  Versus The Special Land Acquisition Officer Karanja Project Bidar"
    },
    {
        "Serial Number":125,
        "Case Type\/Case Number\/Case Year":"L.A.C.\/38\/2024",
        "Petitioner versus Respondent":"Subhash S\/o Basappa Gutti  Versus The Special Land Acquisition Officer Karanja Project Bidar"
    },
    {
        "Serial Number":126,
        "Case Type\/Case Number\/Case Year":"L.A.C.\/37\/2024",
        "Petitioner versus Respondent":"Jabbarmiyan S\/o Late Chandsab  Versus The Special Land Acquisition Officer Karanja Project Bidar"
    },
    {
        "Serial Number":127,
        "Case Type\/Case Number\/Case Year":"L.A.C.\/36\/2024",
        "Petitioner versus Respondent":"Subhash S\/o Basappa Gutti  Versus The Special Land Acquisition Officer Karanja Project Bidar"
    },
    {
        "Serial Number":128,
        "Case Type\/Case Number\/Case Year":"L.A.C.\/34\/2024",
        "Petitioner versus Respondent":"Devadas S\/o Ramling Garudker  Versus The State of Karnataka Through Deputy Commissioner Bidar District."
    },
    {
        "Serial Number":129,
        "Case Type\/Case Number\/Case Year":"L.A.C.\/31\/2024",
        "Petitioner versus Respondent":"Dileepkumar S\/o Bhujang Garudker  Versus The State of Karnataka Through Deputy Commissioner Bidar District."
    },
    {
        "Serial Number":130,
        "Case Type\/Case Number\/Case Year":"L.A.C.\/30\/2024",
        "Petitioner versus Respondent":"Dileepkumar S\/o Bhujang Garudker  Versus The State of Karnataka Through Deputy Commissioner Bidar District."
    },
    {
        "Serial Number":131,
        "Case Type\/Case Number\/Case Year":"L.A.C.\/25\/2024",
        "Petitioner versus Respondent":"Gurayya S\/o Shivayya Math  Versus The State of Karnataka Through Deputy Commissioner Bidar District."
    },
    {
        "Serial Number":132,
        "Case Type\/Case Number\/Case Year":"L.A.C.\/24\/2024",
        "Petitioner versus Respondent":"Yellappa S\/o Sardarayya Guttedar  Versus The State of Karnataka Through Deputy Commissioner Bidar District."
    },
    {
        "Serial Number":133,
        "Case Type\/Case Number\/Case Year":"L.A.C.\/23\/2024",
        "Petitioner versus Respondent":"Nagayya S\/o Sabayya Guttedar  Versus The State of Karnataka Through Deputy Commissioner Bidar District."
    },
    {
        "Serial Number":134,
        "Case Type\/Case Number\/Case Year":"L.A.C.\/17\/2024",
        "Petitioner versus Respondent":"Raghavendra S\/o Venkat Rao  Versus The State of Karnataka Through Deputy Commissioner Bidar District."
    },
    {
        "Serial Number":135,
        "Case Type\/Case Number\/Case Year":"L.A.C.\/16\/2024",
        "Petitioner versus Respondent":"Arun Kumar S\/o Venkat Rao  Versus The State of Karnataka Through Deputy Commissioner Bidar District."
    },
    {
        "Serial Number":136,
        "Case Type\/Case Number\/Case Year":"L.A.C.\/13\/2024",
        "Petitioner versus Respondent":"Rasoolshah S\/o Rajeshah  Versus The State of Karnataka Through Deputy Commissioner Bidar District."
    },
    {
        "Serial Number":137,
        "Case Type\/Case Number\/Case Year":"L.A.C.\/12\/2024",
        "Petitioner versus Respondent":"Shrinivas S\/o Babu Rao Biradar  Versus The State of Karnataka Through Deputy Commissioner Bidar District."
    },
    {
        "Serial Number":138,
        "Case Type\/Case Number\/Case Year":"L.A.C.\/11\/2024",
        "Petitioner versus Respondent":"Manoj S\/o Raju Biradar  Versus The State of Karnataka Through Deputy Commissioner Bidar District."
    },
    {
        "Serial Number":139,
        "Case Type\/Case Number\/Case Year":"L.A.C.\/7\/2024",
        "Petitioner versus Respondent":"Veerupakshayya S\/o Panchayya  Versus The State of Karnataka Through Deputy Commissioner Bidar District."
    },
    {
        "Serial Number":140,
        "Case Type\/Case Number\/Case Year":"L.A.C.\/53\/2025",
        "Petitioner versus Respondent":"Mainoddin died by his Lr s Sherifa bee W O  Late Mainoddin  Versus SPL. LAND ACQUISITION OFFICE KARNAJA PROJECT BIDAR"
    },
    {
        "Serial Number":141,
        "Case Type\/Case Number\/Case Year":"L.A.C.\/52\/2025",
        "Petitioner versus Respondent":"Md. Ismail S.O. Md. Mehaboobsab  Versus SPL. LAND ACQUISITION OFFICE KARNAJA PROJECT BIDAR"
    },
    {
        "Serial Number":142,
        "Case Type\/Case Number\/Case Year":"L.A.C.\/51\/2025",
        "Petitioner versus Respondent":"Bhadrappa S.O. Sidramappa  Versus SPL. LAND ACQUISITION OFFICE KARNAJA PROJECT BIDAR"
    },
    {
        "Serial Number":143,
        "Case Type\/Case Number\/Case Year":"L.A.C.\/50\/2025",
        "Petitioner versus Respondent":"PANDURANG S.O RAMANNA  Versus SPL. LAND ACQUISITION OFFICE KARNAJA PROJECT BIDAR"
    },
    {
        "Serial Number":144,
        "Case Type\/Case Number\/Case Year":"L.A.C.\/49\/2025",
        "Petitioner versus Respondent":"HASANPATEL S.O LALPATEL  Versus SPL. LAND ACQUISITION OFFICE KARNAJA PROJECT BIDAR"
    },
    {
        "Serial Number":145,
        "Case Type\/Case Number\/Case Year":"L.A.C.\/48\/2025",
        "Petitioner versus Respondent":"Md.Amajad ali S.O. Md.Shirajoddin  Versus SPL. LAND ACQUISITION OFFICE KARNAJA PROJECT BIDAR"
    },
    {
        "Serial Number":146,
        "Case Type\/Case Number\/Case Year":"L.A.C.\/47\/2025",
        "Petitioner versus Respondent":"MD. SALAUDDIN S.O MD. SULTAN  Versus SPL. LAND ACQUISITION OFFICE KARNAJA PROJECT BIDAR"
    },
    {
        "Serial Number":147,
        "Case Type\/Case Number\/Case Year":"L.A.C.\/46\/2025",
        "Petitioner versus Respondent":"Pradeep S.O. Shivaji Rao  Versus SPL. LAND ACQUISITION OFFICE KARNAJA PROJECT BIDAR"
    },
    {
        "Serial Number":148,
        "Case Type\/Case Number\/Case Year":"L.A.C.\/45\/2025",
        "Petitioner versus Respondent":"GOPAL S.O LATE LAXMAN  Versus SPL. LAND ACQUISITION OFFICE KARNAJA PROJECT BIDAR"
    },
    {
        "Serial Number":149,
        "Case Type\/Case Number\/Case Year":"L.A.C.\/44\/2025",
        "Petitioner versus Respondent":"IMAMPATEL ALIYAS MAHAMOOD IMAMODDIN DIED LRS MOHAMMED AFSAR S.O IMAMPATEL  Versus SPL. LAND ACQUISITION OFFICE KARNAJA PROJECT BIDAR"
    },
    {
        "Serial Number":150,
        "Case Type\/Case Number\/Case Year":"L.A.C.\/43\/2025",
        "Petitioner versus Respondent":"Basawanand S.O. Dhulappa  Versus SPL. LAND ACQUISITION OFFICE KARNAJA PROJECT BIDAR"
    },
    {
        "Serial Number":151,
        "Case Type\/Case Number\/Case Year":"L.A.C.\/42\/2025",
        "Petitioner versus Respondent":"Mallamma W.O. Revansiddappa  Versus SPL. LAND ACQUISITION OFFICE KARNAJA PROJECT BIDAR"
    },
    {
        "Serial Number":152,
        "Case Type\/Case Number\/Case Year":"L.A.C.\/41\/2025",
        "Petitioner versus Respondent":"LAIQODDIN S.O NYAMTULLA  Versus SPL. LAND ACQUISITION OFFICE KARNAJA PROJECT BIDAR"
    },
    {
        "Serial Number":153,
        "Case Type\/Case Number\/Case Year":"L.A.C.\/40\/2025",
        "Petitioner versus Respondent":"KHAJAPATEL S.O MAHEBOOBSAB  Versus SPL. LAND ACQUISITION OFFICE KARNAJA PROJECT BIDAR"
    },
    {
        "Serial Number":154,
        "Case Type\/Case Number\/Case Year":"L.A.C.\/39\/2025",
        "Petitioner versus Respondent":"Rangamma W.O. Tukaram  Versus SPL. LAND ACQUISITION OFFICE KARNAJA PROJECT BIDAR"
    },
    {
        "Serial Number":155,
        "Case Type\/Case Number\/Case Year":"L.A.C.\/38\/2025",
        "Petitioner versus Respondent":"KARUNABAI W.O RANGRAO  Versus SPL. LAND ACQUISITION OFFICE KARNAJA PROJECT BIDAR"
    },
    {
        "Serial Number":156,
        "Case Type\/Case Number\/Case Year":"L.A.C.\/37\/2025",
        "Petitioner versus Respondent":"Rangamma  W.O. Lalappa  Versus SPL. LAND ACQUISITION OFFICE KARNAJA PROJECT BIDAR"
    },
    {
        "Serial Number":157,
        "Case Type\/Case Number\/Case Year":"L.A.C.\/36\/2025",
        "Petitioner versus Respondent":"NAVAJODDIN S.O LATE KHUTBODDIN  Versus SPL. LAND ACQUISITION OFFICE KARNAJA PROJECT BIDAR"
    },
    {
        "Serial Number":158,
        "Case Type\/Case Number\/Case Year":"L.A.C.\/35\/2025",
        "Petitioner versus Respondent":"MD FEROZ S.O SIRAJUDDIN  Versus SPL. LAND ACQUISITION OFFICE KARNAJA PROJECT BIDAR"
    },
    {
        "Serial Number":159,
        "Case Type\/Case Number\/Case Year":"L.A.C.\/34\/2025",
        "Petitioner versus Respondent":"Saleemabee W.O. Khutaboddin  Versus SPL. LAND ACQUISITION OFFICE KARNAJA PROJECT BIDAR"
    },
    {
        "Serial Number":160,
        "Case Type\/Case Number\/Case Year":"L.A.C.\/33\/2025",
        "Petitioner versus Respondent":"Sangram S.O. chanrashkhar  Versus SPL. LAND ACQUISITION OFFICE KARNAJA PROJECT BIDAR"
    },
    {
        "Serial Number":161,
        "Case Type\/Case Number\/Case Year":"L.A.C.\/32\/2025",
        "Petitioner versus Respondent":"Sarswati  W.O Jaganath  Versus SPL. LAND ACQUISITION OFFICE KARNAJA PROJECT BIDAR"
    },
    {
        "Serial Number":162,
        "Case Type\/Case Number\/Case Year":"L.A.C.\/31\/2025",
        "Petitioner versus Respondent":"Sangappa S.O. Channeppa  Versus SPL. LAND ACQUISITION OFFICE KARNAJA PROJECT BIDAR"
    },
    {
        "Serial Number":163,
        "Case Type\/Case Number\/Case Year":"L.A.C.\/30\/2025",
        "Petitioner versus Respondent":"Mobin Pash S.O. Maheboob pasha  Versus SPL. LAND ACQUISITION OFFICE KARNAJA PROJECT BIDAR"
    },
    {
        "Serial Number":164,
        "Case Type\/Case Number\/Case Year":"L.A.C.\/29\/2025",
        "Petitioner versus Respondent":"Shivaraj S.O. Manikappa  Versus SPL. LAND ACQUISITION OFFICE KARNAJA PROJECT BIDAR"
    },
    {
        "Serial Number":165,
        "Case Type\/Case Number\/Case Year":"L.A.C.\/28\/2025",
        "Petitioner versus Respondent":"Shantabai W.O. Tukkappa  Versus SPL. LAND ACQUISITION OFFICE KARNAJA PROJECT BIDAR"
    },
    {
        "Serial Number":166,
        "Case Type\/Case Number\/Case Year":"L.A.C.\/27\/2025",
        "Petitioner versus Respondent":"Semiuddin S.O. Nyamtulla  Versus SPL. LAND ACQUISITION OFFICE KARNAJA PROJECT BIDAR"
    },
    {
        "Serial Number":167,
        "Case Type\/Case Number\/Case Year":"L.A.C.\/26\/2025",
        "Petitioner versus Respondent":"Sharadabai W.O. Chandrshekhar  Versus SPL. LAND ACQUISITION OFFICE KARNAJA PROJECT BIDAR"
    },
    {
        "Serial Number":168,
        "Case Type\/Case Number\/Case Year":"L.A.C.\/25\/2025",
        "Petitioner versus Respondent":"Sharanappa Died by his Lrs Bhimanna S.O. Late. Sharanappa  Versus SPL. LAND ACQUISITION OFFICE KARNAJA PROJECT BIDAR"
    },
    {
        "Serial Number":169,
        "Case Type\/Case Number\/Case Year":"L.A.C.\/24\/2025",
        "Petitioner versus Respondent":"Bismillabee W.O. Rahimoddin Died by her Lrs Muntazbegum W.O. Late. Laikoddin  Versus SPL. LAND ACQUISITION OFFICE KARNAJA PROJECT BIDAR"
    },
    {
        "Serial Number":170,
        "Case Type\/Case Number\/Case Year":"L.A.C.\/23\/2025",
        "Petitioner versus Respondent":"Mainoddin S.O. Ismailsab Died by his Lrs Putalibee W.O. Late. Mainoddin  Versus SPL. LAND ACQUISITION OFFICE KARNAJA PROJECT BIDAR"
    },
    {
        "Serial Number":171,
        "Case Type\/Case Number\/Case Year":"L.A.C.\/22\/2025",
        "Petitioner versus Respondent":"Sharanamma Died by her Lrs Dattukumar S.O. Late. Dhulappa  Versus SPL. LAND ACQUISITION OFFICE KARNAJA PROJECT BIDAR"
    },
    {
        "Serial Number":172,
        "Case Type\/Case Number\/Case Year":"L.A.C.\/21\/2025",
        "Petitioner versus Respondent":"Sharanamma Died by her Lrs Gundappa S.O. Late. Bhimanna  Versus SPL. LAND ACQUISITION OFFICE KARNAJA PROJECT BIDAR"
    },
    {
        "Serial Number":173,
        "Case Type\/Case Number\/Case Year":"L.A.C.\/20\/2025",
        "Petitioner versus Respondent":"Sandeep S.O. Shivaji Rao  Versus SPL. LAND ACQUISITION OFFICE KARNAJA PROJECT BIDAR"
    },
    {
        "Serial Number":174,
        "Case Type\/Case Number\/Case Year":"L.A.C.\/19\/2025",
        "Petitioner versus Respondent":"Taherkhan Aliyas Taherbari S.O. Ismailkhan Aliyas Ismailbari  Versus SPL. LAND ACQUISITION OFFICE KARNAJA PROJECT BIDAR"
    },
    {
        "Serial Number":175,
        "Case Type\/Case Number\/Case Year":"L.A.C.\/18\/2025",
        "Petitioner versus Respondent":"Sharanappa Died by Lrs Gurunath S.O. V. Sharanappa  Versus SPL. LAND ACQUISITION OFFICE KARNAJA PROJECT BIDAR"
    },
    {
        "Serial Number":176,
        "Case Type\/Case Number\/Case Year":"L.A.C.\/17\/2025",
        "Petitioner versus Respondent":"Shivaji Rao S.O. Narsing Rao  Versus SPL. LAND ACQUISITION OFFICE KARNAJA PROJECT BIDAR"
    },
    {
        "Serial Number":177,
        "Case Type\/Case Number\/Case Year":"L.A.C.\/16\/2025",
        "Petitioner versus Respondent":"Vaijinath S.O. Madeppa  Versus SPL. LAND ACQUISITION OFFICE KARNAJA PROJECT BIDAR"
    },
    {
        "Serial Number":178,
        "Case Type\/Case Number\/Case Year":"L.A.C.\/15\/2025",
        "Petitioner versus Respondent":"Bheemrao S.O. Narasingrao Biradar  Versus SPL. LAND ACQUISITION OFFICE KARNAJA PROJECT BIDAR"
    },
    {
        "Serial Number":179,
        "Case Type\/Case Number\/Case Year":"L.A.C.\/14\/2025",
        "Petitioner versus Respondent":"Taheer Khan Aliyas Taherbari S.O. Ismailkhan Aliyas Ismailbari  Versus SPL. LAND ACQUISITION OFFICE KARNAJA PROJECT BIDAR"
    },
    {
        "Serial Number":180,
        "Case Type\/Case Number\/Case Year":"L.A.C.\/13\/2025",
        "Petitioner versus Respondent":"Bijanbee W.O. Late. Mainoddin  Versus SPL. LAND ACQUISITION OFFICE KARNAJA PROJECT BIDAR"
    },
    {
        "Serial Number":181,
        "Case Type\/Case Number\/Case Year":"L.A.C.\/12\/2025",
        "Petitioner versus Respondent":"Mohammad Shujauddin S.O. Nyamtulla Patel  Versus SPL. LAND ACQUISITION OFFICE KARNAJA PROJECT BIDAR"
    },
    {
        "Serial Number":182,
        "Case Type\/Case Number\/Case Year":"L.A.C.\/11\/2025",
        "Petitioner versus Respondent":"Special Land Acquisition Officer Kalaburagi.  Versus Res.No.1) Jaishree W.O. Prakash"
    },
    {
        "Serial Number":183,
        "Case Type\/Case Number\/Case Year":"L.A.C.\/10\/2025",
        "Petitioner versus Respondent":"Petioner No. 1) Bharatabai W.O. Maruti Gurav  Versus Res. No. 1) Venkatrao S.O. Krishnaji rao"
    },
    {
        "Serial Number":184,
        "Case Type\/Case Number\/Case Year":"L.A.C.\/9\/2025",
        "Petitioner versus Respondent":"Peti. No. 1) Bharatibai W.O. Maruti  Versus Res. 1) Sripati S.O. Gundu"
    },
    {
        "Serial Number":185,
        "Case Type\/Case Number\/Case Year":"L.A.C.\/8\/2025",
        "Petitioner versus Respondent":"Vijaykumar S.O. Veeranna Molakera  Versus Res. No.1) Vishnu S.O. Dhondiram"
    },
    {
        "Serial Number":186,
        "Case Type\/Case Number\/Case Year":"L.A.C.\/7\/2025",
        "Petitioner versus Respondent":"Jilanimiya S.O. Maheboob Sab  Versus Res. No. 1) Maharudrappa S.O. Gurappa"
    },
    {
        "Serial Number":187,
        "Case Type\/Case Number\/Case Year":"L.A.C.\/6\/2025",
        "Petitioner versus Respondent":"Mainoddin S.O. Late Abbas Ali  Versus Res. No. 1) Abdul Reheem Aliyas Abdul Hameed S.O. Goremiyan"
    },
    {
        "Serial Number":188,
        "Case Type\/Case Number\/Case Year":"L.A.C.\/5\/2025",
        "Petitioner versus Respondent":"Shivaraya S.O. Shantappa Muddale  Versus SPL. LAND ACQUISITION OFFICE KARNAJA PROJECT BIDAR"
    },
    {
        "Serial Number":189,
        "Case Type\/Case Number\/Case Year":"L.A.C.\/4\/2025",
        "Petitioner versus Respondent":"Vikram S.O. Shantkumar Mudhale  Versus SPL. LAND ACQUISITION OFFICE KARNAJA PROJECT BIDAR"
    }
]