{
  "lawyers": [
    {
      "type": "Criminal Lawyer",
      "description": "Handles cases related to criminal offenses such as murder, theft, assault, and fraud.",
      "example_cases": [
        "Murder trial",
        "Cyber crime",
        "Drug trafficking",
        "Theft and robbery",
        "Sexual assault"
      ],
      "clients": [
        "Individuals accused of crimes",
        "Victims seeking justice"
      ]
    },
    {
      "type": "Civil Lawyer",
      "description": "Deals with disputes between individuals or organizations, often involving contracts, property, or family issues.",
      "example_cases": [
        "Property dispute",
        "Divorce case",
        "Contract breach",
        "Personal injury claim",
        "Tenant-landlord dispute"
      ],
      "clients": [
        "Homeowners",
        "Business owners",
        "Spouses"
      ]
    },
    {
      "type": "Corporate Lawyer",
      "description": "Specializes in corporate law and business-related legal matters.",
      "example_cases": [
        "Mergers and acquisitions",
        "Compliance issues",
        "Business contracts",
        "Shareholder agreements",
        "Corporate restructuring"
      ],
      "clients": [
        "Corporations",
        "Startups",
        "Investors"
      ]
    },
    {
      "type": "Constitutional Lawyer",
      "description": "Focuses on issues related to constitutional rights and government policies.",
      "example_cases": [
        "Fundamental rights violation",
        "Public interest litigation",
        "Challenging unconstitutional laws",
        "Right to privacy issues",
        "Freedom of speech cases"
      ],
      "clients": [
        "Citizens",
        "NGOs",
        "Activists"
      ]
    },
    {
      "type": "Family Lawyer",
      "description": "Handles legal issues related to family relationships.",
      "example_cases": [
        "Divorce",
        "Child custody",
        "Adoption",
        "Domestic violence cases",
        "Alimony disputes"
      ],
      "clients": [
        "Couples",
        "Parents",
        "Children"
      ]
    },
    {
      "type": "Labour and Employment Lawyer",
      "description": "Deals with employment-related issues and worker rights.",
      "example_cases": [
        "Unfair dismissal",
        "Workplace harassment",
        "Wage disputes",
        "Employment contract disputes",
        "Discrimination cases"
      ],
      "clients": [
        "Employees",
        "Employers",
        "Labor unions"
      ]
    },
    {
      "type": "Tax Lawyer",
      "description": "Specializes in tax laws and represents clients in tax disputes.",
      "example_cases": [
        "Income tax disputes",
        "Corporate tax planning",
        "GST litigation",
        "Tax evasion defense",
        "International taxation"
      ],
      "clients": [
        "Individuals",
        "Businesses",
        "Taxpayers"
      ]
    },
    {
      "type": "Intellectual Property Lawyer",
      "description": "Protects rights related to intellectual property such as patents, trademarks, and copyrights.",
      "example_cases": [
        "Trademark infringement",
        "Patent filing",
        "Copyright violations",
        "Trade secret protection",
        "IP licensing agreements"
      ],
      "clients": [
        "Inventors",
        "Artists",
        "Corporations"
      ]
    },
    {
      "type": "Environmental Lawyer",
      "description": "Deals with legal issues concerning the environment and sustainability.",
      "example_cases": [
        "Pollution control",
        "Environmental compliance",
        "Climate change litigation",
        "Wildlife protection",
        "Environmental impact assessment challenges"
      ],
      "clients": [
        "Government bodies",
        "NGOs",
        "Corporations"
      ]
    },
    {
      "type": "Immigration Lawyer",
      "description": "Assists clients with immigration, visa, and citizenship issues.",
      "example_cases": [
        "Visa application",
        "Deportation defense",
        "Citizenship application",
        "Work permit issues",
        "Asylum seeker support"
      ],
      "clients": [
        "Immigrants",
        "Foreign workers",
        "Refugees"
      ]
    }
  ]
}